GUID,Welt (codiert),Welt (uncodiert),Europa Smaragd,Europa (codiert),Europa (uncodiert),Schweiz (codiert),Schweiz (uncodiert),Schweiz Kriterien,Bemerkungen
0013F161-CF94-4FC7-819B-374D3374DD85,,,,,,EN,stark gefährdet,A2b; B1ab(iv)+2ab(iv),
0074DE2A-CB56-42D4-B71A-B590440BD417,,,,,,LC,nicht gefährdet,,
00A700B9-4108-424E-B94E-1CC9ECAB7944,,,,E,endangered,CR,vom Aussterben bedroht,B1ab(iv)+2ab(iv),
00D526FD-823E-465A-9F56-0C22E4DD8170,,,,,,NE,nicht evaluiert,,
00E5CD70-2B25-4C7B-BDF8-E80D525C8D29,,,,R,rare,VU,verletzlich,D2,nur aus dem Tessin bekannt
00EA627E-AC6F-48F0-B894-476FF4AEACAA,,,,R,rare,EN,stark gefährdet,D2,"einziger Fund 1984, Upgrading vorgenommen"
010022F5-106A-47CB-88CE-648F99DBD574,,,,,,LC,nicht gefährdet,,
019E0885-D38B-449E-AE40-9B492CF261FB,,,,V,vulnerable,VU,verletzlich,D2,abhängig vom Schutz der Trockenstandorte
01AA93C0-EB44-40DF-9ADB-EE99C4A14ADE,,,,,,VU,verletzlich,D2,
01D92C76-CCFA-4C6C-969D-F36E8EED9563,,,,,,NT,potentiell gefährdet,D2,
01E873CD-D508-47C4-BC45-A15B0D81537B,,,,,,LC,nicht gefährdet,,
01F54485-29FA-4F1B-9395-0E96B8165551,,,,,,NT,potentiell gefährdet,A2b,abhängig vom Schutz der Trockenstandorte
01F6FE7F-3F84-402E-AD95-D74C2A1776B8,,,,,,LC,nicht gefährdet,,
0275011F-2852-40F8-B950-09BCC502AA01,,,,R,rare,CR,vom Aussterben bedroht,B2ab(iv),abhängig vom Schutz der Trockenwiesen
030F2823-B480-472F-95C5-71A4A29608C4,,,,,,VU,verletzlich,A2b; D2,
031E1427-FD23-4573-B5C5-4EDCD50C1AFF,,,,,,VU,verletzlich,D2,
0359CEF4-5F8F-4971-BCCB-F661BB9C608F,,,,R,rare,CR,vom Aussterben bedroht,"A2b;B2ab(ii,iv)",
039E6067-09B8-4CB1-AE88-8EE1177C17DB,,,,,,LC,nicht gefährdet,,
03AE462D-0C88-4C06-906D-3CEBDB71C842,,,,,,LC,nicht gefährdet,,abhängig vom Moorschutz
03B142A6-F17A-4A51-8A0B-DAF71DB5E48F,,,,,,VU,verletzlich,D2,
03E503B7-FFBC-4FD5-80A7-8D1DC14C7907,,,,,,VU,verletzlich,D2,
044FA358-1FF8-44ED-8F39-A6698D16EEC6,,,,,,LC,nicht gefährdet,,im Mittelland gefährdet
046C52DD-387D-4480-BA25-726D1BCCC924,,,,,,NT,potentiell gefährdet,,abhängig vom Moorschutz
0477EF69-E2A5-4596-A101-53A470F80CE0,,,,,,VU,verletzlich,D2,
047BAC6E-ED3F-4CC8-8407-40F5AC8CA71B,,,,,,NE,nicht evaluiert,,
049311ED-0EF9-4233-BEBD-BBD40C4D92E1,,,,,,NE,nicht evaluiert,,
049632D3-0982-4DE6-80FA-CC4E7EA03ED1,,,,,,LC,nicht gefährdet,,
04F06342-0B01-4E76-9D84-395AAF931D4A,,,,,,LC,nicht gefährdet,,
05B5FA73-06B2-45FA-90FE-961A73694B5D,,,,,,NT,potentiell gefährdet,D2,
06160B56-4B20-44FF-B41F-4742AF53BDB3,,,,,,NT,potentiell gefährdet,D2,wahrscheinlich häufiger als Funde vermuten lassen
06661861-5922-4B85-AF0F-C8DA32D61D56,,,,,,NE,nicht evaluiert,,
0668545E-9A95-4B27-9E14-163963487792,,,,,,LC,nicht gefährdet,,
06A1338E-F663-49EF-8766-0CB0DAF30AD4,,,,,,NE,nicht evaluiert,,
06C2A4A6-0858-4352-8481-F1E4761E70BB,,,,,,LC,nicht gefährdet,,
06E99DC2-867C-47F1-ACCD-03A024840603,,,,R,rare,LC,nicht gefährdet,,
06EF8FB7-FAB4-4335-B62C-2DB2C618816D,,,,,,NE,nicht evaluiert,,
07560058-4790-4EA2-87F7-E23CF4577BEE,,,,,,LC,nicht gefährdet,,
07750D18-5550-4BAC-BA60-E64084438A1A,,,,,,RE,in der Schweiz ausgestorben,,"letzter Fund 1916, wiederholte Nachsuche erfolglos"
07D4F5A0-F0C7-49BC-89FB-F6A452C1BAE5,,,,,,LC,nicht gefährdet,,
0814B819-C808-44AF-B991-21FC331C6F70,,,,,,VU,verletzlich,D2,
08307FF3-7980-4D17-8EFB-162786816CE9,,,,R,rare,EN,stark gefährdet,B1ab(iv)+2ab(iv),
08440F88-6CAC-47DD-9065-DE34B073EB32,,,,,,DD,ungenügende Datengrundlage,,Taxonomie unklar
08C2B577-C493-4EDA-9EE8-93336029E6A8,,,,,,EN,stark gefährdet,A2b,
08E5AD37-F556-4CD0-8988-37E7DF6AFC67,,,,,,DD,ungenügende Datengrundlage,,"subsp. borealis unterscheidet sich nur im Chromosomensatz, von dieser gibt es keinen sicheren Nachweis"
0903E14A-3D25-4B07-A5AB-88C5F2199712,,,,V,vulnerable,VU,verletzlich,D2,
092634A9-E56E-4B7F-972C-112221A52315,,,,,,LC,nicht gefährdet,,
093AEB04-1673-48CF-98E7-C39048E4FEA7,,,,,,LC,nicht gefährdet,,
09C373F3-6397-4106-AF48-851446E5A3A5,,,,,,LC,nicht gefährdet,,
0A08C1C4-1DC4-4CBF-8DE4-9A95AC404F91,,,,,,LC,nicht gefährdet,,
0A41E745-9D91-453D-8843-759C9E373E71,,,,,,LC,nicht gefährdet,,
0A8222F3-CB5F-4017-8C2B-FA57E58B7CC0,,,,,,LC,nicht gefährdet,,
0A8E42E3-D1F2-45F6-9C62-EEE68B2320B1,,,,,,DD,ungenügende Datengrundlage,,Vorkommen in der Schweiz unsicher
0AAE4D0E-841A-40A0-8A12-A195696AEBAC,,,,,,LC,nicht gefährdet,,
0AF82312-850D-4514-B98A-D357988D23F3,,,,,,LC,nicht gefährdet,,
0B1A11C2-0A53-40D0-B259-1E598B557923,,,,? V,vulnerable?,VU,verletzlich,D2,
0B48127A-DA61-4BF4-9B6D-02EE916EEAC7,,,,,,DD,ungenügende Datengrundlage,,Vorkommen in der Schweiz unsicher
0B71401A-C8A0-4032-BD79-5A3AA7301F71,,,,K,insufficiently known,CR,vom Aussterben bedroht,B2ab(iv),
0B74FEAE-3713-4080-9B21-F39C27456E05,,,,,,VU,verletzlich,D2,Rückgang unklar
0BA02E16-A793-44ED-891C-A4BFFD01F0FA,,,,,,VU,verletzlich,D2,"Neufund 2002 (Umgebung von Basel), Upgrading vorgenommen"
0BD9644A-91C4-41DB-9747-57BF50AAE7AD,,,,V,vulnerable,VU,verletzlich,D2,
0C156256-CAC9-4109-B153-311ACF93D36F,,,,R,rare,VU,verletzlich,D2,
0C5097FE-BB24-406C-9F25-3B309309BD77,,,,R,rare,VU,verletzlich,D2,"erst seit 1951 bekannt, beschränktes Verbreitungsgebiet zwischen Obwalden und Linthebene."
0C5D19DE-F88D-426C-B84E-7DACC7FBB724,,,,,,VU,verletzlich,D2,
0C6D02BA-E673-42ED-A1FA-6B88369C6EEE,,,,,,VU,verletzlich,D2,
0C78ADBB-B8AF-4327-A724-CDE5B993C154,,,,,,NE,nicht evaluiert,,
0CC4D597-9AE5-49EB-9E96-88D70C382FD2,,,,R,rare,VU,verletzlich,D2,nur aus dem Tessin bekannt
0CD3A59A-7AD0-474E-8DF6-C1026574A5A4,,,,,,LC,nicht gefährdet,,
0CFD0032-2365-4BE6-B38E-02AA37D130FF,,,,,,LC,nicht gefährdet,,
0D4DCE96-8A09-4B4D-ACDB-064206C7981F,,,,,,NE,nicht evaluiert,,
0D50C6A1-0089-48C7-9DB8-7D6D3998A72F,,,,,,NT,potentiell gefährdet,,abhängig vom Moorschutz
0DA894EA-0FBE-41A7-8B25-3961B8661424,,,,,,NE,nicht evaluiert,,
0DE9E873-7235-4572-9561-4B251003EFC6,,,,,,LC,nicht gefährdet,,
0DF11A79-72E6-4D4F-996E-4A11B077EC9B,,,,,,EN,stark gefährdet,B1ab(iv)+2ab(iv),abhängig vom Moorschutz
0E1F15FA-4062-45FB-A1B4-ED1D0654538E,,,,,,LC,nicht gefährdet,,
0E8E5B68-48C9-4D73-A259-8F7731129AFA,,,,,,NE,nicht evaluiert,,
0EC4C5C5-E771-4910-AAFC-CB7325EB5716,,,,? V,vulnerable?,DD,ungenügende Datengrundlage,,Vorkommen in der Schweiz unsicher
0EDA9F2A-1BC5-4568-9429-23D08A5DD4B0,,,,,,VU,verletzlich,D2,"erst 1994 beschrieben, ältere Belege von H. ciliata z. T. überprüft"
0FDEC36D-214A-42CC-AE2B-B2F7E89804C9,,,,,,LC,nicht gefährdet,,
1005F064-4FCA-4B19-81EA-ECE242C1959C,,,,R,rare,VU,verletzlich,D2,
1128754A-2E70-498F-81FC-4D88A2F896BC,,,,,,EN,stark gefährdet,B1ab(iv)+2ab(iv),
11A59583-203C-4560-B2AD-569E332E8E01,,,,,,NT,potentiell gefährdet,,abhängig vom Moorschutz
11DAE6D8-799F-4643-8D21-4B78574481C4,,,,,,NE,nicht evaluiert,,
11E90850-F270-46EB-A0B9-F245BAA540B5,,,,,,VU,verletzlich,D2,
1240EC3C-1A91-4550-A214-8C8987B3D244,,,,,,LC,nicht gefährdet,,
12636EEF-E045-4F7D-B7AF-3A5E76D4A29E,,,,,,LC,nicht gefährdet,,
1265FF65-30E3-429C-ACCF-C1FFE576AAF7,,,,,,LC,nicht gefährdet,,
12987837-2E0D-4BF4-9042-9EAF3BB6AF93,,,,,,VU,verletzlich,D2,
129F5769-8517-421D-88DC-134F5534043A,,,,,,DD,ungenügende Datengrundlage,,Taxonomie unklar
12B0B047-772F-4357-9019-18638E666442,,,,,,LC,nicht gefährdet,,
12D7EED4-D443-4C9F-980F-72711720D2B4,,,,,,LC,nicht gefährdet,,
13053D9F-758A-46D7-8D66-FF9AB144291D,,,,,,VU,verletzlich,D2,
1305812B-16F4-42D2-8596-A97DFA3BBE03,,,,,,LC,nicht gefährdet,,
131A21CD-3105-4540-871A-41A4B62C61C5,,,,,,VU,verletzlich,D2,
133F521B-A6F4-4664-B246-9A6AE460E4BD,,,,,,LC,nicht gefährdet,,
138FB29D-EC95-489D-83AC-32FDC2828A23,,,,,,NE,nicht evaluiert,,
13E2F280-41E1-4045-A4D6-1BF3772886DD,,,,V,vulnerable,VU,verletzlich,D2,
14040F0D-F951-440B-A9FD-6EA813C5A7B8,,,,,,DD,ungenügende Datengrundlage,,Taxonomie unklar
14090B48-8079-48E7-890B-05948B1747A3,,,,K,insufficiently known,VU,verletzlich,D2,einziger Fund 1993
140B8AED-273D-4D87-82A2-E265844ECB8A,,,,,,NT,potentiell gefährdet,,abhängig vom Moorschutz
1420AFDF-6A19-4C87-A2CC-DA02B65FECCB,,,,,,LC,nicht gefährdet,,
1420DFFB-BB5D-49BE-879F-34F6AD1EEDDA,,,,,,VU,verletzlich,A2b,im Mittelland stark gefährdet
1557A42B-8FC4-4871-9767-78B14B2F57B0,,,,,,LC,nicht gefährdet,,"Neophyt, in Ausbreitung begriffen"
1588D51D-7608-4E76-B04E-B902F8A40408,,,,,,LC,nicht gefährdet,,
15F27518-FB74-4C2C-9DC5-561F2E78F31C,,,,,,DD,ungenügende Datengrundlage,,
1605DB9E-E504-4B1A-A635-B7B3E6472A5A,,,,,,VU,verletzlich,D2,"nur Wallis und Tessin, abhängig vom Schutz der Trockenstandorte"
1679E7E1-2A28-48BB-87B5-F7742C65C3DA,,,,,,LC,nicht gefährdet,,
16978627-7090-41E8-AE4F-306367FC39A2,,,,,,EN,stark gefährdet,"B1ab(i,iv)+2ab(iv)",
16BBE98B-1485-457C-BE97-2DE158677C8F,,,,,,LC,nicht gefährdet,,
16BDA697-432C-422F-901A-57F284156B92,,,,V,vulnerable,VU,verletzlich,D2,
16C43EED-83A8-4237-AAAF-4D567D0B0369,,,,,,LC,nicht gefährdet,,abhängig vom Moorschutz
170005DD-B9AD-40E9-93B6-C91E67EC133F,,,,,,NT,potentiell gefährdet,D2,
171769C3-1EDD-4E87-93B8-E3CC356F62B5,,,,,,DD,ungenügende Datengrundlage,,Taxonomie unklar
1781B4CF-EBD6-47E2-9499-719C0ED777A8,,,,,,NT,potentiell gefährdet,D2,
17ACBE44-1CFA-4FF9-B15A-0B862DAA0FF0,,,,,,VU,verletzlich,D2,
17CF41FB-8825-4C48-99C2-5C5F143C34E1,,,,,,VU,verletzlich,D2,
17DA2A0C-5BDE-4DE4-A03E-7C3C2BE27C35,,,,,,DD,ungenügende Datengrundlage,,Vorkommen in der Schweiz unsicher
17DF91F3-F436-4C0F-955E-2EF567ADB62B,,,,,,NT,potentiell gefährdet,A2b,
182287D0-5256-40F5-A9CC-6F49B6D00B22,,,,,,VU,verletzlich,D2,
184F03CE-1D9E-4581-8982-EC408D5245FA,,,,,,VU,verletzlich,D2,
184F78C1-426A-4F7D-BCC4-530EFA8FE1F0,,,,V,vulnerable,VU,verletzlich,D2,nur aus dem Tessin bekannt
18CA9B16-66AA-4330-BFB5-B5D0BD143302,,,,,,LC,nicht gefährdet,,
1929C34D-59A6-4531-ADAE-78F7AC4A4A84,,,,,,NE,nicht evaluiert,,
19521F8D-53F8-4C87-8E85-D42C9166A621,,,,,,LC,nicht gefährdet,,
19D5072C-13E2-4E09-8928-632D7254A897,,,,,,LC,nicht gefährdet,,
1A35F4EE-0182-472D-9D24-EB999DAD431E,,,,,,VU,verletzlich,D2,
1A6057DD-84E2-4EB2-B07A-A3C8D1CE0D2C,,,,,,CR,vom Aussterben bedroht,B2ab(iv),"möglicherweise ausgestorben, letzter Fund 1954, Nachsuche mehrerer Populationen erfolglos"
1A7ED1BA-E7EF-4898-B90C-96FF54C22F21,,,,,,DD,ungenügende Datengrundlage,,Taxonomie unklar
1A8DA3D4-09D1-4752-BEF8-91C913619F64,,,,,,CR,vom Aussterben bedroht,B1ab(iv)+2ab(iv),
1AA2FEBB-4C53-4368-ABCA-76BC86DCA83D,,,,,,NE,nicht evaluiert,,
1AAB58AD-2634-4EDA-81FF-7759B2DF6CC9,,,,K,insufficiently known,LC,nicht gefährdet,,
1B2DACA5-9222-44EA-9DB4-4CB2FEE0DA63,,,,,,VU,verletzlich,D2,abhängig vom Schutz der Trockenstandorte
1B69B210-EC1C-4DE9-9315-ABAFE3CC829C,,,,,,LC,nicht gefährdet,,
1BDF62BF-E3EA-41CC-A0C2-B303E122226E,,,,,,NE,nicht evaluiert,,
1C130CCA-6C5F-46B8-8239-CDC81D111086,,,,,,VU,verletzlich,D2,
1C21E662-7D8E-4A65-BD5F-D6566599C5EA,,,,,,DD,ungenügende Datengrundlage,,Taxonomie unklar
1C7D5A3F-DC6F-4B80-B914-8F20BE94474B,,,,,,LC,nicht gefährdet,,
1D058BF1-0A10-48E6-80FC-593EA481B5F7,,,,R,rare,VU,verletzlich,D2,"möglicherweise ausgestorben, einziger Fund 1880"
1D0BD597-5236-42BD-84DF-496027CF4186,,,,R,rare,LC,nicht gefährdet,,
1D64E9C2-4708-40BA-B78C-D1CD65574706,,,,,,LC,nicht gefährdet,,
1D906E25-FAB6-4BC9-AA86-091B06A051E4,,,,,,VU,verletzlich,D2,
1DD4A0C2-C76B-499C-B052-B746D33CA487,,,,,,LC,nicht gefährdet,,
1DF6151A-E58B-4A3A-A23C-1F5A9770AD2B,,,,,,VU,verletzlich,D2,
1E1A3300-F442-4098-BAAA-C4AA75616EBB,,,,R,rare,LC,nicht gefährdet,,
1E347EEA-4E2E-45C8-B6DF-5BA8EC6E61E8,,,,K,insufficiently known,VU,verletzlich,D2,
1E48CEE8-78ED-4273-AE4D-89E2347D7541,,,,,,LC,nicht gefährdet,,
1EA1B017-ADEC-4735-B60E-CD1919E71CC9,,,,,,LC,nicht gefährdet,,
1ECDD0A0-EFFE-40C6-AB1A-02891F4399BE,,,,R,rare,LC,nicht gefährdet,,
1F043AA5-FADA-4469-8E2C-9DD1FC6FAC04,,,,,,LC,nicht gefährdet,,
1F67F523-134E-491D-9980-07247E12B3F9,,,,,,LC,nicht gefährdet,,
1FA313E0-96A3-4122-A35F-BF19FA7E5807,,,,,,LC,nicht gefährdet,,
1FC2E91D-7EF0-421D-BC78-5827C61A5764,,,,,,EN,stark gefährdet,A2b; B1ab(iv)+2ab(iv),
1FDC2111-7E46-4CDC-952C-3360FA58E588,,,,R,rare,VU,verletzlich,D2,
1FF13C69-81B4-4215-87A9-E006E8E25B4B,,,,,,NE,nicht evaluiert,,
2023822E-4204-4065-9DDB-DE3FBD136BE8,,,,,,LC,nicht gefährdet,,
2056DF32-F560-4F4D-A95A-49C075386374,,,,,,LC,nicht gefährdet,,
205C4F6E-AC38-4C32-9B8B-23A866AB2D02,,,,V,vulnerable,CR,vom Aussterben bedroht,A2b; B2ab(iv),"möglicherweise ausgestorben, letzter Fund 1948, Nachsuche einzelner Populationen erfolglos"
20866CBC-BF36-4827-AFC3-FCC296A4EC8E,,,,,,VU,verletzlich,D2,
20EFA3BF-D631-41D5-849A-0E00879CA73A,,,,,,VU,verletzlich,D2,abhängig vom Moorschutz
210DAB5B-6B12-4AD9-8F78-877A83D99751,,,,,,LC,nicht gefährdet,,
2135A857-2B15-4DC4-B1BA-F818A3368263,,,,,,NE,nicht evaluiert,,
213B6612-9638-4E4D-A5FC-F620704FE3F4,,,,,,LC,nicht gefährdet,,
21C9455F-D432-4DD3-AE92-FC1624A4CA8B,,,,,,NE,nicht evaluiert,,
21E6B3D4-589A-45EB-A26E-6B3EFB839176,,,,,,LC,nicht gefährdet,,
22292215-1CF6-4945-BC15-5B10BFC32ABD,,,,,,LC,nicht gefährdet,,
22824310-B718-4AD3-B560-293F6DABD393,,,,,,VU,verletzlich,D2,
22B179F4-220C-41F5-8E02-5D7EE2CDD54D,,,,,,LC,nicht gefährdet,,
23684AD4-4F9C-41E5-BB4F-EF84E46E3AC2,,,,,,NT,potentiell gefährdet,D2,
23694B2F-E49D-46D1-9E76-A56FFD5D2C64,,,,,,LC,nicht gefährdet,,
23A33E3D-6A73-474E-89AC-B61D658E6CCA,,,,,,LC,nicht gefährdet,,
23EA9F70-FA7F-40C3-8BC5-C4340ED538EA,,,,,,EN,stark gefährdet,B1ab(iv)+2ab(iv),
23EF3552-D7C4-47CC-85A1-E61C540C2940,,,,R,rare,VU,verletzlich,D2,
23FED3E6-C612-4C57-A3A8-23B8140EFE7A,,,,,,NE,nicht evaluiert,,
243A721C-D682-4B24-849C-CFFB1A326F84,,,,,,CR,vom Aussterben bedroht,A2b; B1ab(iv)+2ab(iv),"möglicherweise ausgestorben, letzter Fund 1963"
2444181A-892A-4043-AF7F-A249FC4D3EDD,,,,,,NE,nicht evaluiert,,
24F99DC9-2C1A-43D7-8FF1-097A49946F26,,,,,,DD,ungenügende Datengrundlage,,Taxonomie unklar
2557BCF6-97E1-4ABD-999A-5EA26B32079F,,,,,,LC,nicht gefährdet,,
25C87CC5-AADE-4F4D-BCEF-D75D8A1C3059,,,,,,VU,verletzlich,D2,
25DF69DD-AEDD-469B-AF99-05E3FF888457,,,,,,LC,nicht gefährdet,,
27108331-BD13-4C76-923B-9C1C2BD5BCFA,,,,,,LC,nicht gefährdet,,
276AF2E4-2128-422E-AFC2-E0ACFE7FC5EB,,,,,,VU,verletzlich,D2,
27B81705-8896-4A9A-A377-2B53DBF67066,,,,,,LC,nicht gefährdet,,
285FFAE8-1DB6-4132-9A18-4DBE56B9FB55,,,,,,DD,ungenügende Datengrundlage,,
28B780A1-9A1B-4A15-8658-DEB8BE3FA5F2,,,,,,LC,nicht gefährdet,,
28C2E4A8-87FE-4AE5-8B54-8B8BE81F72DC,,,,,,LC,nicht gefährdet,,
292540E6-13FA-4B5C-A728-11779056273D,,,,,,LC,nicht gefährdet,,
29399A23-412C-4838-A947-B4FF79FD1227,,,,,,NE,nicht evaluiert,,
296695A6-C29E-4686-9AC9-F4290E91F25B,,,,,,LC,nicht gefährdet,,
29B0AC34-9897-4639-B448-62CE8CF81345,,,,,,LC,nicht gefährdet,,abhängig vom Moorschutz
2A61CF38-D835-4127-8036-B1D44F93B9E0,,,,,,LC,nicht gefährdet,,
2A69EB7C-DAD4-4C38-8751-98A01D46145E,,,,,,LC,nicht gefährdet,,
2AF7102C-6958-460A-8421-7A768D9597BB,,,,,,VU,verletzlich,D2,abhängig vom Schutz der Trockenstandorte
2B10B26E-AF8E-46B9-8E28-38DAEB00E9A2,,,,,,VU,verletzlich,A2b; D2,nur aus dem Tessin bekannt
2B408619-F63B-43DA-B0CC-5F1258426C30,,,,,,LC,nicht gefährdet,,
2B4AAA66-8D9A-4A20-B58C-933AD18F4683,,,,,,LC,nicht gefährdet,,
2B528892-BAA6-4AFC-9006-4D2BCA7F640E,,,,,,VU,verletzlich,D2,
2B96DDE3-712C-4996-A17B-9B0D6A0D5CD6,,,,,,NE,nicht evaluiert,,
2BDAA689-BF43-48EC-A0A7-2DE308ED4A84,,,,R,rare,DD,ungenügende Datengrundlage,,Taxonomie unklar
2BE2A1A6-0842-47F5-AD70-4993B279F206,,,,V,vulnerable,CR,vom Aussterben bedroht,B2ab(iv),
2C1642F2-DCFC-433E-B4FF-FFAD1420A509,,,,,,LC,nicht gefährdet,,
2C5259A1-CDFA-4085-BF32-51334E52E00C,,,,,,LC,nicht gefährdet,,
2C824021-CC48-405F-BC2B-52002A49D624,,,,,,LC,nicht gefährdet,,
2CA0CB4D-963D-4BE2-A29A-5B55E9B2F574,,,,,,LC,nicht gefährdet,,
2D342FF2-C3F6-4926-A71D-940A9AAF9678,,,,,,LC,nicht gefährdet,,
2D38AB9F-3520-437A-ACA0-73FEFE699D13,,,,,,LC,nicht gefährdet,,
2D39DAD8-8984-435C-85C1-3492B3B5872B,,,,,,LC,nicht gefährdet,,
2D825EBF-C7F2-429D-BBBA-38DFDCFD1B8D,,,,,,LC,nicht gefährdet,,
2DB5C315-CCCC-4CFB-8416-37D2BBA6ED14,,,,R,rare,DD,ungenügende Datengrundlage,,"nur wenige, nicht bestätigte alte Angaben und ein zweifelhafter neuer Fund"
2E17553B-1223-4DD4-A84B-EE01288CEC69,,,,,,LC,nicht gefährdet,,
2E551891-C9B0-4D9C-AF49-2BE15CBDD127,,,,,,NE,nicht evaluiert,,
2E57DE58-ECC0-4F80-83D6-8C4241D82CF8,,,,,,DD,ungenügende Datengrundlage,,Taxonomie unklar
2E7C36EE-47EE-4D0F-B75E-828022C80511,,,,,,DD,ungenügende Datengrundlage,,Taxonomie unklar
2F602AF6-EEB4-44E3-B459-84D14234FECB,,,,,,LC,nicht gefährdet,,
2FC639AF-9EDD-4C4D-8151-1C876B7454F0,,,,,,LC,nicht gefährdet,,
2FC9C346-A102-424B-BFEC-5E8B50097248,,,,V,vulnerable,DD,ungenügende Datengrundlage,,Vorkommen in der Schweiz unsicher
2FD71367-1C1D-4E5C-988A-4BC8050973EF,,,,,,LC,nicht gefährdet,,abhängig vom Moorschutz
2FE87A58-F887-4AB0-8A7A-01AF91C6C1A0,,,,,,VU,verletzlich,D2,nur aus dem Tessin bekannt
30109159-85B4-4EFD-A0AA-4CAA53EA4BB0,,,,,,LC,nicht gefährdet,,
3011813C-5655-49D0-A3A3-77EE7E69FD11,,,,,,DD,ungenügende Datengrundlage,,
3049D352-60E7-4283-AC24-0321B0A767CF,,,,,,DD,ungenügende Datengrundlage,,wurde kürzlich in mehrere Arten aufgeteilt
307B6C91-4CBC-4ED2-AFD9-7CA477085AB1,,,,,,LC,nicht gefährdet,,
30BF6F25-2963-4820-B723-463CEE974991,,,,,,LC,nicht gefährdet,,
3131AD91-2B71-402C-B4B9-AF7506FF8771,,,,,,LC,nicht gefährdet,,
31320E5F-32A3-48B9-955E-29EF674E6E3D,,,,,,LC,nicht gefährdet,,
319B4FAB-1F68-488C-807E-44C0C4487789,,,,,,LC,nicht gefährdet,,Unterarten möglicherweise gefährdet
32A5E640-9014-474F-8DC7-0BF014B7BC85,,,,,,LC,nicht gefährdet,,
333DAFDB-49C5-44C9-AF34-8921A9200702,,,,,,LC,nicht gefährdet,,
33666670-1A41-4517-B30B-ED55B01D5229,,,,,,VU,verletzlich,D2,
33C3A4B7-8354-4F83-BE82-F760303B5607,,,,,,DD,ungenügende Datengrundlage,,erst seit kurzem unterschiedene Art
33F973B2-7FCB-45C6-B8E7-C1394889C688,,,,,,LC,nicht gefährdet,,
3434FCAE-1AD2-449F-9995-8758B599956B,,,,,,VU,verletzlich,A2b; D2,
34A0210B-5040-4142-B438-00E841974090,,,,,,VU,verletzlich,D2,einziger Fund 1995
34B77C04-D496-4A1D-9B23-EAA8B1D54BC4,,,,,,NT,potentiell gefährdet,A2b,im Mittelland gefährdet
35089611-DB41-4A99-94D7-DA69011829C2,,,,,,DD,ungenügende Datengrundlage,,"Status unklar, da eventuell nicht richtig erkannt"
35144521-CDB8-44D5-9C9D-6646DBA5B993,,,,,,LC,nicht gefährdet,,
351C0E52-C83E-44B8-B99E-80AF7EE0A2E6,,,,V,vulnerable,CR,vom Aussterben bedroht,A2b; B2ab(iv),
35291208-7ED3-4722-AFB5-CAB663AB25DE,,,,,,NE,nicht evaluiert,,
358EB5C2-2551-40E0-91B0-49B13BDF1479,,,,,,NT,potentiell gefährdet,,abhängig vom Moorschutz
35B2330F-9B8B-401C-9B66-4EAFB2CEDF05,,,,,,LC,nicht gefährdet,,abhängig vom Moorschutz
35D2F383-26D1-4CD7-95F9-B3607494DD23,,,,,,VU,verletzlich,D2,letzter Fund 1977
35FEFA78-BEEC-4197-9355-35097560650D,,,,,,NE,nicht evaluiert,,
361959F2-72D5-4C79-95F7-69682058F843,,,,,,EN,stark gefährdet,A2b; B1ab(iv)+2ab(iv),
36298A76-12FB-4026-B908-5EB12BBAF214,,,,,,VU,verletzlich,D2,
36BDA9AF-2390-45B3-9589-E828390C3BE7,,,,R,rare,NT,potentiell gefährdet,D2,
36C0DF0A-192D-46A1-9A26-9661D2A86CE5,,,,K,insufficiently known,VU,verletzlich,D2,
36CEEC5B-63E2-4901-B552-18F321BFCDFF,,,,,,VU,verletzlich,D2,
36EA63D9-2D37-4E5A-9F72-0C1CC9F33A90,,,,,,LC,nicht gefährdet,,
36FCE258-D93B-4745-8B0A-E7029B8D3AC5,,,,,,NE,nicht evaluiert,,
3714014A-D417-470C-905A-A625FA36ACBB,,,,,,LC,nicht gefährdet,,
3716AB79-7BD0-4DEE-B61C-63D34FD684A6,,,,,,DD,ungenügende Datengrundlage,,Taxonomie unklar
3746120B-B4BF-4230-A64E-DAB6A1695610,,,,,,VU,verletzlich,D2,
37632B16-9645-4FE6-915C-7A2FD19416E8,,,,,,DD,ungenügende Datengrundlage,,Taxonomie unklar
3767AD20-3D52-42BF-A06D-9499527719EB,,,,,,LC,nicht gefährdet,,
37AF47E5-F56E-46A1-8D5F-0A95957EF17F,,,,,,NT,potentiell gefährdet,,"abhängig vom Moorschutz, im Mittelland gefährdet"
37D45FEA-6A21-452F-8268-DA245B45C7B0,,,,,,LC,nicht gefährdet,,abhängig vom Moorschutz
380799B7-464C-4517-8CF3-BB5C7B45A7CB,,,,,,LC,nicht gefährdet,,
382E7E32-636B-45A7-959A-960F12CBF4CE,,,,,,LC,nicht gefährdet,,
385ACEC6-FC59-43C4-9E71-DC0101470DA2,,,,,,LC,nicht gefährdet,,
3867ED5A-A458-4EA5-A468-49341B628562,,,,,,DD,ungenügende Datengrundlage,,Taxonomie unklar
38C38175-8AEF-4DB7-B803-438FB06CB7C7,,,,,,DD,ungenügende Datengrundlage,,Vorkommen in der Schweiz unsicher
38DFE242-6B88-4A0C-8E2D-5F125674A16B,,,,,,LC,nicht gefährdet,,
39193E40-F1A9-4965-845A-C15E572CE86F,,,,,,VU,verletzlich,D2,"einziger Fund 1936, Nachsuche erfolglos"
3940BF12-A937-48E8-B23F-B6AB14E503BC,,,,,,EN,stark gefährdet,B1ab(iv)+2ab(iv),
3967F5C2-58E9-40B5-BBAE-87799E81CF1C,,,,,,NT,potentiell gefährdet,A2b,
39D23B2D-6712-4E4F-B31B-A2BD0F29905B,,,,,,LC,nicht gefährdet,,
3A5CD555-06C7-4170-BA75-ADAE2C5805F5,,,,,,VU,verletzlich,D2,
3A633EAB-643C-4C62-B295-B4BE00507B0B,,,,,,VU,verletzlich,D2,
3A665DDB-8C35-477A-B500-FD8C5C547623,,,,,,LC,nicht gefährdet,,
3A716766-473D-41A5-89D1-4259B88B2DD5,,,,,,NE,nicht evaluiert,,
3A97831C-A21B-4FBB-A6F2-0E2BDFFFA907,,,,,,VU,verletzlich,D2,
3AC5AEF7-FC13-4D00-A11F-363219B9B376,,,,R,rare,CR,vom Aussterben bedroht,B2ab(iv),
3B488F68-5137-498A-8C66-B57044557558,,,,,,LC,nicht gefährdet,,
3B656E2F-95C1-4520-AE30-412884520BC6,,,,R,rare,VU,verletzlich,D2,
3B8ABDA5-74D1-426C-8BEE-297552BF50DA,,,,,,LC,nicht gefährdet,,
3B9931FE-E95B-41DA-B82A-5E7D6C88121C,,,,,,DD,ungenügende Datengrundlage,,
3BC10054-B7EC-498A-AA26-2512FAE0B6B6,,,,,,LC,nicht gefährdet,,
3BD247BE-6C68-4A8E-A6C0-078DAA5DFCC0,,,,,,LC,nicht gefährdet,,
3C1D2263-8F70-4B65-88DB-48EDB0D6FB00,,,,,,VU,verletzlich,D2,
3C348714-505D-4F64-A73C-BCC2CE021A33,,,,,,LC,nicht gefährdet,,
3C3A6369-3179-45B7-AC70-C3F674ECAEBB,,,,,,VU,verletzlich,D2,
3C923758-30D9-4446-BE85-E7E65B82517B,,,,,,DD,ungenügende Datengrundlage,,Taxonomie unklar
3CD85826-8A80-4D56-BE1D-30805D485F8B,,,,,,LC,nicht gefährdet,,
3CEC871C-E14C-406E-B34A-E2B97DE03CC1,,,,,,LC,nicht gefährdet,,
3D36D23F-4A57-496E-80A5-477FA3ED77B4,,,,,,NE,nicht evaluiert,,
3D49FF69-B41C-411D-A701-6F7C0AC70B19,,,,,,DD,ungenügende Datengrundlage,,Taxonomie unklar
3D51D443-FB7B-49F4-A76D-E68122167BD5,,,,,,VU,verletzlich,D2,abhängig vom Schutz der Trockenstandorte
3D543AE5-556C-451E-A563-C71522457570,,,,,,LC,nicht gefährdet,,
3DD49CB3-BDB9-4474-B554-65754C60E4B1,,,,,,EN,stark gefährdet,D2,"letzter Fund 1911, Upgrading vorgenommen"
3DED5B11-1735-40D9-8CD5-89F7C5FFE7FC,,,,,,LC,nicht gefährdet,,abhängig vom Moorschutz
3E0173B1-3EAB-4F33-989F-CEDBBFDD8B88,,,,,,VU,verletzlich,D2,
3E53CE19-46F8-4BFE-8272-E02A9F093EC8,,,,,,VU,verletzlich,D2,
3E6A0981-3C55-4CBA-A0EB-D2A5D00DBA41,,,,,,VU,verletzlich,A2b; D2,
3E8997E6-10C5-4FF9-A974-16361A35C223,,,,,,VU,verletzlich,D2,
3E91B826-3D75-4C3D-A10D-AE32851AA538,,,,,,LC,nicht gefährdet,,Unterarten möglicherweise stärker gefährdet
3E925BF0-DCC7-4CF7-8C19-F46FCB30B445,,,,,,LC,nicht gefährdet,,
3EC309F0-7498-4301-9B8F-D356185F6211,,,,,,LC,nicht gefährdet,,
3F303AF6-AC72-42DD-B22E-B31E89A0F0D2,,,,,,,,,Vorkommen in der Schweiz unsicher
3F40A809-6EEC-4222-9AA7-66D54FB8EA92,,,,,,LC,nicht gefährdet,,
3F5EBC62-2539-47A0-AF71-ED262703221F,,,,,,NT,potentiell gefährdet,D2,
3F7EE1E9-22CD-4B28-93CF-D8D937EF0325,,,,,,LC,nicht gefährdet,,
3F96E69A-9E8F-4EFE-AB76-0E7A516CEFF2,,,,,,NT,potentiell gefährdet,,abhängig vom Moorschutz
3FB15282-24A7-462A-A4C1-F5627B922F92,,,,,,VU,verletzlich,D2,abhängig vom Moorschutz
3FB3CF17-474D-4E56-AF10-FFB681C80EA0,,,,,,LC,nicht gefährdet,,
40354F9E-B71B-47BE-BBE8-164A06F69C4C,,,,,,VU,verletzlich,D2,
4051A30A-83DD-46A5-8A08-F8D910ED31E7,,,,,,DD,ungenügende Datengrundlage,,"wurde erst 1999 beschrieben, bisher ein Fund"
4062C59A-E7EF-4A2F-B895-785D39879CEF,,,,,,LC,nicht gefährdet,,abhängig vom Gewässerschutz
406C8183-0425-409C-A2D4-65C56D36DD61,,,,,,CR,vom Aussterben bedroht,B2ab(iv),
4088A81E-1358-49C7-B585-3F5643FEE30E,,,,,,LC,nicht gefährdet,,
40C3516D-79AD-44C6-9030-7D4643EF1E12,,,,,,LC,nicht gefährdet,,nur aus dem Wallis bekannt
40D469F8-839B-41C1-93A3-B504E96A8B0F,,,,,,LC,nicht gefährdet,,
4134B682-12D6-4D6F-B7CA-C53C7F738750,,,,,,CR,vom Aussterben bedroht,A2b; B2ab(iv),
416938C4-5487-4F16-8DA3-7BC2AB2F3CFA,,,,,,VU,verletzlich,D2,
418D85BC-B54B-46EB-80BC-3EE71AB451D8,,,,,,DD,ungenügende Datengrundlage,,Taxonomie unklar
41AEF263-2AA5-4A87-8156-9F00089FFEF9,,,,,,LC,nicht gefährdet,,
41B73178-F344-4F70-867E-6B14604EADD1,,,,K,insufficiently known,VU,verletzlich,D2,
4229CFE4-6CF7-4B41-864C-35573D541085,,,,,,LC,nicht gefährdet,,
42501DED-31E4-4909-8218-79CBE358AB7D,,,,,,EN,stark gefährdet,B2ab(iv),
427F79F8-EF11-40BF-9098-088AA242B09F,,,,,,LC,nicht gefährdet,,
4282C0CA-2A0A-4493-A010-93E2C21C5EE8,,,,R,rare,VU,verletzlich,D2,letzter Fund 1970
42CF3F94-36A0-49DD-ABE8-97249DD31FBD,,,,,,LC,nicht gefährdet,,
42DEDAAF-35D9-46B3-911F-2991CE80A9DE,,,,,,VU,verletzlich,D2,letzter Fund 1979
4327AC69-9C8C-41A5-B923-681AE7FECFD5,,,,,,LC,nicht gefährdet,,
4383CC17-C390-4331-B243-C275188F1BFF,,,,,,NE,nicht evaluiert,,
43F61615-14E0-49F3-B6FC-DF06CAFE926A,,,,,,NE,nicht evaluiert,,
44192748-7651-42CF-8714-3D2DDD61C923,,,,,,LC,nicht gefährdet,,
443BEC96-F531-41D5-8E9F-95385AEA8C63,,,,,,NE,nicht evaluiert,,
446E695D-B941-499C-A173-9D6C6577F29A,,,,,,CR,vom Aussterben bedroht,B2ab(iv),
44758226-4E3D-410D-8B2E-87C1F5781B4E,,,,,,CR,vom Aussterben bedroht,A2b; B1ab(iv)+2ab(iv),letzter Fund 1979
448C366F-4788-49C8-AC69-DAB375FE4756,,,,,,LC,nicht gefährdet,,
4490D5CA-0967-4D37-B013-85A71F0B91F7,,,,,,LC,nicht gefährdet,,
44957A7A-64A5-42ED-BF07-6B4B0EC1BDB0,,,,,,NE,nicht evaluiert,,
44ADFC99-96CF-4362-8621-7A070FB32167,,,,R,rare,CR,vom Aussterben bedroht,B1ab(iv)+2ab(iv),"möglicherweise ausgestorben, letzter Fund 1913"
44D4C55D-452C-46E2-8CC4-F816E4B0430E,,,,,,LC,nicht gefährdet,,
4528240A-2996-464B-8156-A6308621EAE3,,,,,,LC,nicht gefährdet,,
455BD7B6-85E8-4F16-B1D5-C14A5B2C7DFA,,,,,,VU,verletzlich,D2,
45D65A2F-E374-446F-8EC2-6DAFCB44F7C7,,,,,,LC,nicht gefährdet,,
45FDE52B-940F-434D-9B0B-61A3CBF49A27,,,,,,NE,nicht evaluiert,,
4676568A-F71B-4197-9D2A-71D3776A690D,,,,,,VU,verletzlich,D2,
467E9218-E7FE-4369-A5A0-4875923D77DB,,,,,,LC,nicht gefährdet,,
46C8A975-9795-417C-B78A-7D5B1E4C4EA0,,,,,,NE,nicht evaluiert,,
46DA60EB-994D-4F4E-AAAA-F18CD9172EE3,,,,,,NE,nicht evaluiert,,
472CB4D8-9361-4A74-A849-39AA578FBB64,,,,,,NE,nicht evaluiert,,
473F0A6A-F89E-491A-827A-27D1594C5AD8,,,,,,NE,nicht evaluiert,,
47DFD59D-101D-4BA3-A696-14F29D8F8F4F,,,,,,VU,verletzlich,D2,
47E1381E-50BC-484B-A328-3EBE913676AE,,,,,,NT,potentiell gefährdet,D2,
47E4B0AD-B871-49AE-B766-60AFF5A44FB1,,,,,,EN,stark gefährdet,B1ab(iv)+2ab(iv),
4812963C-5053-44A4-B190-C3ACDDB75B24,,,,,,NT,potentiell gefährdet,D2,
48224992-0815-461B-85F4-3A227A8C3E13,,,,,,NT,potentiell gefährdet,D2,abhängig vom Moorschutz
48BB8304-AA07-44A6-B4CE-CA11F64BAA8F,,,,,,LC,nicht gefährdet,,
48C1BC39-2196-4568-8567-2F3BEA934E28,,,,,,LC,nicht gefährdet,,
48D58703-49E3-4897-A367-1B1168C0416D,,,,,,DD,ungenügende Datengrundlage,,
48E6A7BC-996E-49E1-90EF-25AE5D9B3919,,,,,,LC,nicht gefährdet,,
490B69D0-E738-48E6-A992-CA6E53D32E4E,,,,,,DD,ungenügende Datengrundlage,,Vorkommen in der Schweiz unsicher
49430FFF-7C8F-457F-B520-BEB76834491D,,,,,,DD,ungenügende Datengrundlage,,Vorkommen in der Schweiz unsicher
4949579B-2BD5-4594-96FC-BE86A6A95DF5,,,,R,rare,LC,nicht gefährdet,,
496DFEC0-142F-41D5-8B29-28FA1F2F006F,,,,,,NE,nicht evaluiert,,
497C5E72-9C09-4213-AD8B-2FC2D0463950,,,,,,LC,nicht gefährdet,,nur von der Alpensüdseite bekannt
49D04212-D1C9-45EC-BECE-51834D64095A,,,,,,LC,nicht gefährdet,,
4A2F664D-BCF8-4D61-A340-F7C24EAA4927,,,,,,DD,ungenügende Datengrundlage,,Taxonomie unklar
4A6A3517-06BB-4EEE-8ECD-1C56F84F2EAB,,,,,,LC,nicht gefährdet,,
4A9A754C-8B8E-4132-B8C5-4F43B8FD4669,,,,,,LC,nicht gefährdet,,
4A9F1A3C-8F6D-4684-8098-1C4C5B4F7684,,,,,,VU,verletzlich,D2,
4ABA0AAE-0765-470E-92BA-C57C2DB2D601,,,,,,LC,nicht gefährdet,,abhängig vom Moorschutz
4ADF1744-58F4-4293-B4E6-BD86229EB3CD,,,,,,LC,nicht gefährdet,,
4B1A4E72-CC55-4211-A163-72EC1E343208,,,,,,NE,nicht evaluiert,,
4B3E1D52-0577-47E2-8B21-5352B03D4ECE,,,,R,rare,VU,verletzlich,D2,
4B7D29FF-7784-4F44-8B06-24CB435DDDD3,,,,,,LC,nicht gefährdet,,
4B7D901F-4DBA-434F-980E-77DA4DED276A,,,,,,LC,nicht gefährdet,,abhängig vom Moorschutz
4B859379-7C93-40AD-ABA0-0DE0AB5CC5C3,,,,,,NE,nicht evaluiert,,
4B9EAB62-1FE0-48DC-B0BD-2B4129E62743,,,,,,LC,nicht gefährdet,,
4BA2990E-DD10-4F3B-83F2-64F61D42E8A8,,,,,,EN,stark gefährdet,B1ab(iv)+2ab(iv),
4CD6E812-ACF5-4B90-8DF7-D0839FB223B8,,,,,,LC,nicht gefährdet,,
4D2EBF9A-858C-46FD-8045-329E2AE56AA0,,,,,,DD,ungenügende Datengrundlage,,Taxonomie unklar
4D87282E-4ACC-44F2-9A86-B553CDB5CA9C,,,,,,NT,potentiell gefährdet,D2,
4D921F3E-1F70-4822-9B58-C5947FCB6737,,,,,,LC,nicht gefährdet,,Unterarten möglicherweise stärker gefährdet
4DB4F28F-B711-4421-A17D-071C33E98D56,,,,,,VU,verletzlich,D2,
4E327CBA-0974-4674-8270-2645C8D6D466,,,,,,VU,verletzlich,D2,
4E61124A-F584-41C8-A2A9-4D2991D624A5,,,,,,EN,stark gefährdet,B1ab(iv)+2ab(iv),
4EDC2881-B24A-484E-ADD9-458854F8C9BE,,,,,,CR,vom Aussterben bedroht,A2b; B1ab(iv)+2ab(iv),
4F512AE0-2A1F-42F2-B7D2-8F2B536CD9A7,,,,,,EN,stark gefährdet,A2b; B1ab(iv)+2ab(iv),
4F7C0BAD-0A85-4D6A-B039-07113EAE44E6,,,,,,NE,nicht evaluiert,,
4F7C1E1A-102E-4533-89A3-D3B26F33958F,,,,,,VU,verletzlich,A2b; D2,
4FB34E76-8E3E-47E2-827E-FFCB5DA931C7,,,,,,NE,nicht evaluiert,,
4FB8A4FE-43C2-4BCF-A947-859FB1A3E188,,,,,,NT,potentiell gefährdet,,abhängig vom Moorschutz
500035D1-2E86-49EF-A91D-158CC0476765,,,,,,LC,nicht gefährdet,,
50062554-0AFA-429D-BD4E-A083444FCAE9,,,,,,NE,nicht evaluiert,,
503A9A91-1C3D-45CC-B1BD-2400C78A390F,,,,,,LC,nicht gefährdet,,
50A28C5F-F272-40C9-B904-CA4F17040B9D,,,,,,LC,nicht gefährdet,,im Mittelland gefährdet
50FAA2F0-BA76-44CE-B6AA-F20815DBC5E3,,,,,,LC,nicht gefährdet,,
515D7C07-06C5-448A-A850-6788BC088DC9,,,,,,LC,nicht gefährdet,,
51D3DA2C-1BF2-4B08-90F8-82CC9EC3D057,,,,,,LC,nicht gefährdet,,
5208EACB-A975-40AF-9B30-416C50112B07,,,,,,LC,nicht gefährdet,,abhängig vom Moorschutz
52841D6F-0AD7-46A4-94AE-CA8DC562683C,,,,,,LC,nicht gefährdet,,Unterarten möglicherweise stärker gefährdet
52A4EA3B-0194-457E-8513-1FEDC643598F,,,,,,DD,ungenügende Datengrundlage,,Taxonomie unklar
52BCD40A-6A7F-4B22-9ABF-5EFC724201FE,,,,,,NE,nicht evaluiert,,
52E6D764-4159-4C4A-8E5D-2472190D13DA,,,,,,NT,potentiell gefährdet,,abhängig vom Moorschutz
53616916-1286-40E3-AF6D-778A68D115E4,,,,,,DD,ungenügende Datengrundlage,,Taxonomie unklar
5378BC34-A896-45CC-A94F-AAFBC1A800F7,,,,K,insufficiently known,VU,verletzlich,D2,
53A1C047-C874-4108-9A3A-BBB9734F5066,,,,,,RE,in der Schweiz ausgestorben,,"letzter Fund 1907, Nachsuche aller Populationen erfolglos"
53B051AC-B096-4D4C-A948-E52BC2A60FEC,,,,,,NE,nicht evaluiert,,
547A8009-94DA-456E-A433-7C4FB9751D56,,,,,,LC,nicht gefährdet,,
54895A56-AC23-4A19-9F3F-62E14B496EE3,,,,,,RE,in der Schweiz ausgestorben,,"letzter Fund 1907, Nachsuche einzelner Populationen erfolglos"
555C518F-A6DF-4BEA-9037-218CE7E67986,,,,K,insufficiently known,CR,vom Aussterben bedroht,B2ab(iv),"möglicherweise ausgestorben, letzter Fund 1909"
558EC760-F716-4D6C-A68B-45786F23B70E,,,,,,NE,nicht evaluiert,,
55AD3E18-F6E0-48E1-9138-ED349C938B41,,,,,,VU,verletzlich,D2,
55D98CDB-D3C6-4425-ADC1-568EE7BE318A,,,,,,LC,nicht gefährdet,,
567169C4-D1FD-45AB-96AC-60870BF236F7,,,,,,LC,nicht gefährdet,,
5673D702-8FBF-4F0A-9BDB-05A71ECB2FDA,,,,,,LC,nicht gefährdet,,
567E411E-1F80-43B6-82B9-660F62D541F8,,,,,,LC,nicht gefährdet,,
56A56979-D14F-4451-A5B1-A937471A4D41,,,,,,LC,nicht gefährdet,,"möglicherweise eingeschleppt, vermutlich in Ausbreitung"
5710D731-2C55-4935-BFD0-AD5510EE5B3B,,,,,,NT,potentiell gefährdet,A2b,abhängig vom Moorschutz
575B7680-93E7-484D-90E0-FBFF19CB3B09,,,,,,LC,nicht gefährdet,,
57C2627A-90F0-4C01-9D9C-E25799A13E83,,,,,,LC,nicht gefährdet,,erst 1976 beschrieben
57E50300-8A14-4109-92F9-8BD456A0BB7D,,,,,,LC,nicht gefährdet,,
588A41C2-C106-4523-9C21-F47BD698BF78,,,,,,NT,potentiell gefährdet,D2,
589B639E-1ABB-4A08-8148-5A57D17A657C,,,,,,CR,vom Aussterben bedroht,B1ab(iv)+2ab(iv),"möglicherweise ausgestorben, letzter Fund 1934"
58B59972-B84A-4040-895C-8AA5B413B9D1,,,,,,LC,nicht gefährdet,,
58D937E8-6726-408C-ADDB-167BC661E64F,,,,,,LC,nicht gefährdet,,
5937351F-6008-43E7-A830-20927B3B80BA,,,,V,vulnerable,VU,verletzlich,D2,letzter Fund 1981
5977A3D5-E6AB-4AF0-90D0-AE73082B60EB,,,,,,DD,ungenügende Datengrundlage,,
5981522E-F8A4-4A72-8ADF-FA91F36B1768,,,,,,LC,nicht gefährdet,,
5A065426-08DE-461E-8DD4-27129A440D89,,,,,,LC,nicht gefährdet,,
5A17C8DC-A83F-4B0F-8042-896BFA3A399B,,,,V,vulnerable,RE,in der Schweiz ausgestorben,,"letzter Fund 1858, Nachsuche aller Populationen erfolglos"
5A4D9B66-BBA1-46F8-93D9-760EAE0B1A3E,,,,V,vulnerable,CR,vom Aussterben bedroht,B2ab(iv),kommt nur in der Südschweiz vor
5A545A0B-6960-4D8E-A981-0EA3E86270B2,,,,,,VU,verletzlich,D2,
5A617A7A-ADE7-49A9-B7AC-FD6D07FEADFA,,,,,,LC,nicht gefährdet,,
5AA10B76-71B3-4A8F-9A4F-C869D58DC111,,,,,,VU,verletzlich,D2,letzter Fund 1966
5B6CB663-DA86-4C54-A2A2-ACD6B0F76361,,,,,,LC,nicht gefährdet,,
5B9A5E79-2780-4357-B551-7E92A350C9C3,,,,V,vulnerable,CR,vom Aussterben bedroht,B1ab(iv)+2ab(iv),
5BB0B76B-6154-4345-B609-A01881C11A4C,,,,,,VU,verletzlich,D2,"möglicherweise ausgestorben, einziger Fund 1928"
5BD2D53D-41C2-4991-834F-B41ED456FD9B,,,,,,LC,nicht gefährdet,,
5BEAE272-9136-4E3F-A14A-EDE6F54F0907,,,,,,EN,stark gefährdet,A2b; B1ab(iv)+2ab(iv),
5BF16B4D-CD52-4BCE-B0F8-33EE37584509,,,,,,LC,nicht gefährdet,,
5BF24086-AD74-47B3-B1D7-6019B817BE3F,,,,,,NE,nicht evaluiert,,
5BFC5968-A760-48C5-B216-F30934896B86,,,,,,VU,verletzlich,A2b,"abhängig vom Moorschutz, im Mittelland stark gefährdet"
5C4C0156-3BB6-4F03-85DF-395E48C85C64,,,,,,LC,nicht gefährdet,,
5C6C92C3-D555-49C5-AD44-A387B586A855,,,,,,NE,nicht evaluiert,,
5C7DAC7F-CC6F-42A7-A045-E00941E03AAD,,,,,,LC,nicht gefährdet,,
5CA26C02-06F2-4EE1-8007-86279DEAF845,,,,,,LC,nicht gefährdet,,
5CA9FF59-95EE-4493-9652-284903769202,,,,,,NE,nicht evaluiert,,
5D421CE4-5E4A-4F26-A2CA-3D4EB0713BB6,,,,,,VU,verletzlich,A2b,
5D46839C-A753-47BA-817A-832BB091E0F2,,,,,,LC,nicht gefährdet,,
5D5C22D7-998D-4B0A-9F14-F2F06BB0A833,,,,,,NE,nicht evaluiert,,
5D8C7C42-D519-434D-9443-84581DF00EF3,,,,,,LC,nicht gefährdet,,
5E57E5D5-D966-42B5-B119-7F9417CE5A4B,,,,,,LC,nicht gefährdet,,Unterarten möglicherweise gefährdet
5E6340E9-4342-4E93-8F10-B614FA0F0501,,,,,,CR,vom Aussterben bedroht,B2ab(iv),"möglicherweise ausgestorben, letzter Fund 1946, Nachsuche einzelner Populationen erfolglos"
5EE924FD-9F3A-4031-84BF-D232BAFC7A2D,,,,,,,,,Taxonomie unklar
5F03794C-DC83-4335-9830-87AB50F16380,,,,,,LC,nicht gefährdet,,
5F15D439-AAF9-4A8B-8716-29763F3770ED,,,,,,DD,ungenügende Datengrundlage,,Taxonomie unklar
5FE32250-F61A-4D47-A99B-B0DE1655FD6D,,,,R,rare,EN,stark gefährdet,D2,
5FF421EB-B782-475D-9ED3-B940FBDB94AF,,,,,,LC,nicht gefährdet,,
60050D17-1693-4504-91DD-8987D2553AA2,,,,,,VU,verletzlich,D2,
603EE936-730E-4DE1-A576-57948294E866,,,,,,LC,nicht gefährdet,,
607B230E-B5D5-4F00-8846-92B0C9319660,,,,R,rare,VU,verletzlich,D2,Erstfund 1999
60FF7554-8517-4A04-AE1C-1C282F851DD8,,,,,,EN,stark gefährdet,A2b; B1ab(iv)+2ab(iv),
610ECB41-2FFA-4720-90A0-C51A2CE3A618,,,,,,LC,nicht gefährdet,,
6111A533-CAE9-4E70-9F28-BFFE3283DDB0,,,,,,LC,nicht gefährdet,,
611A1E63-8BD4-47A8-B936-44D7D14D7AB4,,,,,,LC,nicht gefährdet,,
61663B75-4E4D-4911-A221-063F3DF55A58,,,,,,LC,nicht gefährdet,,
61773C5E-A9A1-41FD-9121-097D62A52048,,,,,,LC,nicht gefährdet,,
617F2BBB-B829-4381-9BB8-8C073C0F6F32,,,,,,NT,potentiell gefährdet,,abhängig vom Moorschutz
619FA280-4C55-42C5-8C0D-358FAB2F82FC,,,,,,LC,nicht gefährdet,,
61A24B9A-5BD1-4047-A227-9CA4FCB7BBC1,,,,K,insufficiently known,VU,verletzlich,D2,
61F9FA19-1BC2-4D92-9C82-9C37D9DC609F,,,,,,LC,nicht gefährdet,,
61FC5F9A-6668-48AA-A486-9F77ED0B524E,,,,,,LC,nicht gefährdet,,abhängig vom Moorschutz
620DD044-C79A-4012-B5E7-3E18DB9F44FB,,,,,,CR,vom Aussterben bedroht,"B2ab(i,ii,iv)","im Jura möglicherweise ausgestorben, letzter Fund dort 1939"
621F59B8-D6AD-4087-8EF0-F5772413FE39,,,,,,VU,verletzlich,D2,
62673B61-300C-425C-AA8D-D9765A132D9E,,,,,,LC,nicht gefährdet,,
627E3F7D-FFFE-472F-8BB5-D0C6912AE3F1,,,,,,NE,nicht evaluiert,,
628A89A6-B938-4B8A-A4B8-C5FEE4DB2DE1,,,,,,LC,nicht gefährdet,,
62CA2826-48C6-4F16-ADDC-A9D3C9F24E31,,,,,,DD,ungenügende Datengrundlage,,Vorkommen in der Schweiz unsicher
62FE0E5E-16E0-4A3B-9C15-9D578E5D3314,,,,,,LC,nicht gefährdet,,
636A57B0-964D-448B-BE75-771B0C98BE65,,,,,,LC,nicht gefährdet,,abhängig vom Moorschutz
63A70134-2817-4548-85DE-63BD07A293A4,,,,R,rare,CR,vom Aussterben bedroht,A2b; B2ab(iv),
63D528FA-FA8C-49B6-8FC7-CBA0399A1AF5,,,,,,LC,nicht gefährdet,,
6418411C-0512-4DB4-B80D-70FE64700450,,,,,,LC,nicht gefährdet,,
647390FA-DABC-4595-B54B-B4FBCC242D63,,,,,,LC,nicht gefährdet,,
64961093-3D27-42B5-A8DA-F8A4C1D8895A,,,,,,LC,nicht gefährdet,,
649A198D-1F24-4D6F-9C79-4B7EA9D4CBB3,,,,,,EN,stark gefährdet,D2,"einziger Fund 1986, Upgrading vorgenommen"
6550E5DD-E4A0-413E-BEAE-0C024D6D67D5,,,true,E,endangered,VU,verletzlich,D2,
656C1084-7C51-4351-8616-335066485334,,,,,,VU,verletzlich,D2,
6615F836-FB7B-400A-BF62-92C1FDF5CA5F,,,,,,LC,nicht gefährdet,,
663C0FB8-29EC-457F-9910-6D8C8339607F,,,,,,LC,nicht gefährdet,,
6646A537-35D9-4AEC-9BA9-700BFB86E319,,,,,,LC,nicht gefährdet,,
667BC9B4-6C2E-4143-909E-58E84E639CD3,,,,,,NT,potentiell gefährdet,D2,
66A4BE3F-5270-43F6-A599-E3CEF295E5C5,,,,,,NE,nicht evaluiert,,
67822B88-1076-45FA-B29A-30369538F36C,,,,,,DD,ungenügende Datengrundlage,,
679232C9-99B7-436E-87DD-25AD7E8ECDF3,,,,,,VU,verletzlich,D2,
680157DE-F769-4D04-92A7-3ACE60856911,,,,,,CR,vom Aussterben bedroht,"B2ab(ii,iv)",abhängig vom Schutz der Trockenstandorte
68434093-0110-4B6B-B3C7-299FD61888E9,,,,,,VU,verletzlich,A2b; D2,abhängig vom Moorschutz
68569236-E78F-40BE-A371-488C8086CB84,,,,,,VU,verletzlich,D2,
687CCA22-7F25-401B-AD50-1090872FCE19,,,,,,VU,verletzlich,D2,abhängig vom Moorschutz
68CC3545-CC0D-4528-951B-71D152018AA6,,,,,,VU,verletzlich,D2,
69E0F9E9-800B-4190-9147-246519F84A3B,,,,,,VU,verletzlich,D2,
6A2F4093-518C-4688-9F90-D82236F23045,,,,,,VU,verletzlich,D2,
6A3C4CB9-C002-4F1D-A787-7CAEA3AFC836,,,,,,VU,verletzlich,D2,
6ADB3131-27A1-4CE4-A8C3-3E07388D0689,,,,,,LC,nicht gefährdet,,
6B351C6D-1E3D-463A-A92A-BFE25BB3F51C,,,,,,NE,nicht evaluiert,,
6B3C2F56-04BF-4F28-8D37-BFF51B6A9C95,,,,,,LC,nicht gefährdet,,
6B5200BD-8CA2-4F8C-A923-C2095E8948AF,,,,,,NE,nicht evaluiert,,
6B641D69-0730-4571-BC41-55D103BEE7DD,,,,R,rare,DD,ungenügende Datengrundlage,,"Vorkommen in der Schweiz unsicher, einziger Fund nicht sicher bestimmbar"
6B6C7632-5AC9-4244-90C3-18867518D1BD,,,,,,DD,ungenügende Datengrundlage,,"wird erst seit kurzem unterschieden, erst einmal nachgewiesen (2003)"
6B7B1CC6-7505-4D79-8E24-F43E464EDB48,,,,,,EN,stark gefährdet,B1ab(iv)+2ab(iv),"im Mittelland vermutlich ausgestorben, letzter Fund dort 1916"
6BA108E9-60D1-4CAB-BE9E-9BF5A5F6A2EB,,,,,,VU,verletzlich,D2,
6BA1C0DA-EC34-4ABD-BC0A-4E12C00E861A,,,,,,LC,nicht gefährdet,,
6BA98574-1FF5-439B-9462-5E5922371B9E,,,,,,VU,verletzlich,A2b; D2,
6C4F8D74-C4ED-498C-9648-F9D450D1F50F,,,,,,LC,nicht gefährdet,,
6CAE3AFE-83C9-4C58-9AB5-F306B5E45CFD,,,,,,LC,nicht gefährdet,,
6CBA7140-603B-4C08-B446-241A80268DA4,,,,,,LC,nicht gefährdet,,
6CFEB900-DD2D-4179-B81C-A54342D82B8C,,,,,,VU,verletzlich,D2,einziger Fund 1992
6D167AA7-19D6-4F5F-9FC6-A07E8BE04712,,,,,,NE,nicht evaluiert,,
6D3741C2-8D31-4400-BA99-454C59384825,,,,,,VU,verletzlich,D2,"erst 1963 beschrieben, frühere Verbreitung unbekannt"
6D98C8FD-BA40-49EE-9C53-79BDB1536A45,,,,,,DD,ungenügende Datengrundlage,,"wird erst seit kurzem unterschieden, scheint jedoch nicht selten"
6DA745B5-0036-493E-82D6-D4FC9D10189D,,,,,,CR,vom Aussterben bedroht,B2ab(iv),abhängig vom Schutz der Trockenstandorte
6DA8283A-80D2-440D-9952-DB3ADF581E03,,,true,,,NT,potentiell gefährdet,,abhängig vom Moorschutz
6DC780DA-29B3-4049-B279-A44B1D6856D1,,,,,,LC,nicht gefährdet,,
6DF1B438-5D0B-4DB3-9A7B-A422CE37ECE6,,,,,,EN,stark gefährdet,B1ab(iv)+2ab(iv),
6E034B2B-4E9A-4161-B9FA-B37433BD0D76,,,,,,LC,nicht gefährdet,,Unterarten möglicherweise gefährdet
6E5111FC-4FD5-436B-9116-AC41096CB872,,,,,,LC,nicht gefährdet,,
6E5D642C-D4EB-4259-AFD9-8B0B24E43AF2,,,,,,VU,verletzlich,D2,Rückgang unklar
6EB68AFC-C516-409A-91CA-623D46C5D29A,,,,,,LC,nicht gefährdet,,
6EC33AEC-C592-44B7-A8D2-2A695E54CF5F,,,,,,VU,verletzlich,D2,
6EF628BC-CAFA-45F1-B4B3-0C6F84F511B1,,,,,,CR,vom Aussterben bedroht,B1ab(iv)+2ab(iv),"möglicherweise ausgestorben, letzte Funde 1936, Nachsuche einzelner Populationen erfolglos"
6F567C03-354E-464F-8726-4D535ECB960A,,,,,,LC,nicht gefährdet,,abhängig vom Gewässerschutz
6F832F02-83F7-4F2C-9842-232A3A28064D,,,true,V,vulnerable,NT,potentiell gefährdet,A2b,im Mittelland gefährdet
6F886C44-58B0-4AE5-B16A-1B765FFC0AC7,,,,,,VU,verletzlich,D2,
70601891-ED3F-4916-8BEC-7A4524A06028,,,,,,VU,verletzlich,D2,
707DCB95-0DE8-4D8C-802C-72370EAE2E2D,,,,,,LC,nicht gefährdet,,
7084E05F-0700-41EC-98E5-CCF9F0C65042,,,,,,VU,verletzlich,D2,einziger Fund 2003
70A264D3-D563-418B-A9E4-0BB1B5143B36,,,,,,VU,verletzlich,D2,
70C5A03E-86D2-4F9E-BCFC-3747BE39F529,,,,,,LC,nicht gefährdet,,
70DC51E7-076B-4856-B9B4-D4BA6484F746,,,,,,CR,vom Aussterben bedroht,B2ab(iv),
715A26A2-3BA9-43C0-BB31-12C137D5E060,,,,,,VU,verletzlich,D2,"möglicherweise ausgestorben, letzter Fund 1906"
717D9F94-B890-4C96-B2F9-8B85E390D8CE,,,,,,VU,verletzlich,A2b,Rückgang vor allem im Jura
71A0C278-9E81-46AA-81B7-146E6838D658,,,,,,NT,potentiell gefährdet,D2,
71FEB827-477B-4FEC-BC33-6ED3AA0C5A28,,,,,,LC,nicht gefährdet,,
7226CF19-AE7B-49B2-A121-6DA963BACA37,,,,,,LC,nicht gefährdet,,
725EBCC7-A706-41ED-A65F-E10837BAE73B,,,,,,VU,verletzlich,D2,
72C0AD33-334E-4056-B9EC-DBCA651C7786,,,,,,VU,verletzlich,D2,
72C9C44C-E7D2-41EB-BE9B-A8E6185A51F8,,,,,,LC,nicht gefährdet,,
72DEEFBB-4C4E-4710-95F8-918475BB11C5,,,,,,EN,stark gefährdet,A2b; B1ab(iv)+2ab(iv),nur aus der Westschweiz bekannt
72FD7BA0-D5E5-40FD-8DEB-0C3273B937A9,,,,,,DD,ungenügende Datengrundlage,,Taxonomie unklar
73364861-18BB-4E73-BC93-8AC35936CF41,,,,,,LC,nicht gefährdet,,
7371FEBC-4473-4630-9965-129279EEB98D,,,,,,VU,verletzlich,D2,
73D40B52-9CC2-4871-A402-57FEB3A4DD88,,,,,,EN,stark gefährdet,A2b; B1ab(iv)+2ab(iv),
73FE87A1-7051-434D-8F49-92B5A5AB6BA2,,,,,,NE,nicht evaluiert,,
749F5999-BA1E-41E2-B3BD-5A54AF1B698B,,,,,,VU,verletzlich,D2,
74DE1110-2BE1-4B8A-B863-ECB720BF76B3,,,,,,LC,nicht gefährdet,,
7509260C-6774-4F87-81C5-6CB2E2306A36,,,,,,NE,nicht evaluiert,,
7517EA1F-561D-4132-B016-1764684F7AC9,,,,,,LC,nicht gefährdet,,nur in der Innerschweiz und im Tessin
754608B6-09A0-4A2B-89BF-ADFD92CCCE8F,,,,,,VU,verletzlich,D2,
755A2592-E178-46F7-9C17-09090D840562,,,,,,LC,nicht gefährdet,,
757C0B69-063C-4869-A869-A04C351896BD,,,,,,VU,verletzlich,D2,abhängig vom Moorschutz
75F74D13-CFD9-4C88-A6E8-19F35D5B55C7,,,,,,NE,nicht evaluiert,,
768B8FA0-7516-4840-A3DE-F89A30271973,,,,,,DD,ungenügende Datengrundlage,,Taxonomie unklar
76EAD63C-69E0-4F06-AB62-0813718E4DE5,,,,,,LC,nicht gefährdet,,
7755B264-EE3E-4AAD-BA11-DCA25D65D138,,,,,,NT,potentiell gefährdet,D2,
7825C81D-66B8-4BE4-A10B-633F2A14A5CD,,,,V,vulnerable,VU,verletzlich,D2,
7825DC54-A5A9-4AC9-859C-47DE2F37C40B,,,,,,CR,vom Aussterben bedroht,B2ab(iv),"möglicherweise ausgestorben, letzter Fund 1932, Nachsuche einzelner Populationen erfolglos"
784AA56D-9BA5-48DA-A423-F79095EA585C,,,,,,LC,nicht gefährdet,,
786C98DE-4874-4DE5-8044-20E1AD1CB2D7,,,,,,LC,nicht gefährdet,,
7887FB1B-34F7-446A-A43F-03C80567F004,,,,,,VU,verletzlich,D2,
78A08972-D03E-4D66-B75E-25DB99089B43,,,,,,CR,vom Aussterben bedroht,A2b; B1ab(iv)+2ab(iv),"möglicherweise ausgestorben, letzter Fund 1972, Nachsuche einzelner Populationen erfolglos"
78AF0E73-3FA5-4CE4-97A0-98D029BA79F2,,,,,,LC,nicht gefährdet,,
78DC61F5-2571-41A5-B588-FA193EE98160,,,,,,VU,verletzlich,D2,
798006B5-24B4-4B2F-9596-1BFD710E7670,,,,,,RE,in der Schweiz ausgestorben,,"einziger Fund 1909, Nachsuche erfolglos"
7982AFF6-9C38-4320-BF76-AAC3B44C0ED5,,,,,,LC,nicht gefährdet,,
79BF01AC-30E5-48BB-B469-B1035EF187E2,,,,,,EN,stark gefährdet,A2b; B1ab(iv)+2ab(iv),
79C33A82-2FDC-4E0B-B7D0-4FC5A24793BF,,,,,,DD,ungenügende Datengrundlage,,"erst seit kurzem als Art akzeptiert, einziger Fund 1998"
7A1B00EB-D275-48E5-87DB-59C483C1013D,,,,,,VU,verletzlich,D2,letzter Fund 1975
7A2A3F57-9705-41F9-AF23-7639AC46011D,,,,,,VU,verletzlich,A2b; D2,
7B19EBE4-E7E4-4EF1-B782-FFCAA24041AA,,,,,,VU,verletzlich,D2,
7B58D23F-833D-46E2-A7BA-2F09A7A002EF,,,,V,vulnerable,VU,verletzlich,D2,
7B7EC925-958B-4463-B070-89B2B02EB381,,,,,,LC,nicht gefährdet,,
7B921B63-85A3-4D99-9684-0DDCC1FEA56F,,,,,,LC,nicht gefährdet,,
7BABD9FB-DC44-4244-A890-C39489C3F64D,,,,,,LC,nicht gefährdet,,
7C62F10F-F205-432E-B950-1C59E44E0CC0,,,,,,LC,nicht gefährdet,,
7C885C4B-D837-4D1E-ADE3-F003F3D9ABAA,,,,,,VU,verletzlich,D2,
7CB6BFAA-53E9-47DF-8B47-6BFB4F193C3E,,,,,,LC,nicht gefährdet,,
7CBB1B75-9F95-448C-B005-D630C7F0EAFE,,,,,,LC,nicht gefährdet,,
7D350B92-76D5-492F-B754-9240784F8B50,,,,,,LC,nicht gefährdet,,im Mittelland gefährdet
7DCF66DD-5EB7-4999-BEEC-36BA3B66FA0B,,,true,V,vulnerable,LC,nicht gefährdet,,
7DD9414F-E389-4D2D-96A5-6D09EA0BF509,,,,,,LC,nicht gefährdet,,
7DECF47A-2C6F-4E98-AE77-F37AC0F56345,,,,,,LC,nicht gefährdet,,abhängig vom Moorschutz
7DF41303-41DD-4610-88A0-213B0C078263,,,,,,LC,nicht gefährdet,,"erst seit kurzem unterschieden, scheint jedoch nicht selten"
7E2C3516-987A-4D3B-8B01-8929E4562DD6,,,,,,NT,potentiell gefährdet,D2,
7E6DAFE0-C86A-4585-8CC9-BA2DB49FDC4C,,,,,,EN,stark gefährdet,A2b; B1ab(iv)+2ab(iv),
7EA772CC-0C6B-4CAE-A16F-674E500C5286,,,,,,LC,nicht gefährdet,,
7EC17B4E-483A-4CC5-B9CF-DD2A967D706E,,,,,,LC,nicht gefährdet,,
7EDD5564-2EF4-4EF6-A475-E1CBE3FBE644,,,,,,NT,potentiell gefährdet,A2b,"abhängig vom Moorschutz, im Mittelland gefährdet"
7F1CDE6B-7967-4BF6-BF65-6DFC376BBE13,,,,R,rare,EN,stark gefährdet,A2b,
7F34466B-16A3-4BEC-B846-6A484059B959,,,,,,LC,nicht gefährdet,,
7F562116-6B70-491A-BB69-6B2D62CF075A,,,,,,LC,nicht gefährdet,,
7F8B72ED-2E3E-4A93-AA41-860F1EA6B0F6,,,,,,LC,nicht gefährdet,,
7FCD0B25-E91D-4A91-89D5-1B146CA07173,,,,,,NE,nicht evaluiert,,
7FD81A86-34F8-469A-9473-CB2881FF8071,,,,,,VU,verletzlich,D2,
803B4DAC-7E51-473D-8948-42C8E76F9D15,,,,,,NT,potentiell gefährdet,D2,
803E1085-B073-4DFA-83E3-E08AD1E8D566,,,,,,DD,ungenügende Datengrundlage,,Taxonomie unklar
804409F5-6F37-49D9-8063-84FD3A461BFA,,,,,,NE,nicht evaluiert,,
806A7C71-A796-49CE-9864-5FCBD79D0ABD,,,,,,LC,nicht gefährdet,,
80D98C2E-42B4-43A3-809D-B5702DB837B0,,,,,,LC,nicht gefährdet,,
81750667-FB7E-4DE4-A003-92DEF07979A9,,,,,,DD,ungenügende Datengrundlage,,
819E1D8D-C05A-4DFD-A406-FCAA2E4D1614,,,,,,EN,stark gefährdet,A2b; B1ab(iv)+2ab(iv),abhängig von ökologischen Ausgleichsmassnahmen
81D6454D-4267-4177-AAD7-E9E0F16D0602,,,,,,EN,stark gefährdet,A2b; B1ab(iv)+2ab(iv),
820050E4-9E10-4606-B364-5457A6C9D75A,,,,,,LC,nicht gefährdet,,
821E66B8-DC91-421D-8523-41ABC6434D66,,,,,,LC,nicht gefährdet,,
82623FA2-5264-4B60-924B-EAB2D77B58B7,,,,,,VU,verletzlich,D2,Erstfund 1993
826C520B-6CC8-4BB7-9346-8FAE4420D906,,,,,,LC,nicht gefährdet,,
827F2BE8-B8FE-4008-8024-E8017E721587,,,,,,LC,nicht gefährdet,,
83127BCA-2246-4CD6-80F2-D3610EE7CE96,,,,,,DD,ungenügende Datengrundlage,,
83197D8C-521C-4C94-81C0-7806F29292A1,,,,,,LC,nicht gefährdet,,
839662E1-567A-4EFA-8B56-802E4E0096D0,,,,,,LC,nicht gefährdet,,
83BFBF16-FF89-4C95-9EDA-2C69B2FF640A,,,,,,NE,nicht evaluiert,,
83D5DF96-C77C-429F-A1E7-7980DF53B1DE,,,,,,LC,nicht gefährdet,,
84123D7B-7903-488D-ACD1-CCD16A16E8FF,,,,,,VU,verletzlich,D2,
843BABC5-B909-4E8B-B505-BED4066F1355,,,,,,LC,nicht gefährdet,,
849885B1-D308-4524-8347-689EAF3D043A,,,,,,LC,nicht gefährdet,,
84AC435A-9D02-4360-B05B-61F56EABD5F7,,,,,,NT,potentiell gefährdet,D2,
850DDF66-6DC5-4E14-B39C-D490A53ADB58,,,,,,CR,vom Aussterben bedroht,A2b; B2ab(iv),
85686A8D-10D1-4C70-A8C1-77536A259646,,,,,,VU,verletzlich,D2,abhängig von ökologischen Ausgleichsmassnahmen
8571D4A6-3B09-4301-95A4-361151A3B787,,,,,,DD,ungenügende Datengrundlage,,
85B9954E-CD1B-4062-903D-D6493A76B1AC,,,,,,VU,verletzlich,D2,
85D1264C-772C-4089-B848-467DB4290C14,,,,,,VU,verletzlich,D2,
85F4CC2D-86C7-4136-940D-04B6A5A8F650,,,,V,vulnerable,CR,vom Aussterben bedroht,A2b; B1ab(iv)+2ab(iv),
85FCC1D8-6559-4B76-B036-9CFF059BF3AA,,,,,,VU,verletzlich,D2,
863A4ACA-CB0D-4CA2-A5DB-F63576F4DEB8,,,,,,DD,ungenügende Datengrundlage,,"wird erst seit kurzem unterschieden, bisher nur ein Fund"
867D8D55-D5A4-477C-9E56-437ABD47AEED,,,,V,vulnerable,EN,stark gefährdet,A2b,
86992A0B-CA46-4799-9538-3960C7B80713,,,,,,LC,nicht gefährdet,,im Mittelland gefährdet
86AF6FF0-9F3B-4C07-97D8-D4862C4DC372,,,,K,insufficiently known,CR,vom Aussterben bedroht,A2b; B1ab(iv)+2ab(iv),
86CF98AE-9EEF-4236-850E-6789BB9D5510,,,,,,DD,ungenügende Datengrundlage,,
86D8DD4D-897B-46C1-A738-6F61BD790214,,,,,,LC,nicht gefährdet,,
8726F732-D4C5-4100-AAB3-504A67D1C536,,,,V,vulnerable,VU,verletzlich,D2,"möglicherweise ausgestorben, letzter Fund 1935, Suche erfolglos"
87403FFC-68B2-418B-8282-243034939AA3,,,,,,VU,verletzlich,D2,"möglicherweise ausgestorben, letzter Fund 1921"
8748ADA6-2BDD-4FBE-BDFD-2D448B44511A,,,,,,LC,nicht gefährdet,,
8754B75D-CFD7-4C4B-A6A3-AD06CF7FCAE3,,,,,,NT,potentiell gefährdet,D2,
877E13F8-101C-4B9A-8533-B187EAB34776,,,,,,CR,vom Aussterben bedroht,B2ab(iv),abhängig vom Schutz der Trockenstandorte
87981783-2A34-46D6-8A0A-F8AAFA318B3E,,,,,,LC,nicht gefährdet,,
87A9E5F8-FCA1-41EA-B8B6-650D03C6A5A8,,,,,,DD,ungenügende Datengrundlage,,
87F6C4C9-4D14-4D28-B715-316D0A948FBF,,,,,,LC,nicht gefährdet,,abhängig vom Gewässerschutz
87FA98B0-3E81-48F4-A5BA-0A8E2732729F,,,,,,LC,nicht gefährdet,,
880B3067-63D4-4CE4-B09B-25243AB6BC5D,,,,,,LC,nicht gefährdet,,
88376307-F0D3-46C8-9C16-F97D2D064E6C,,,,,,LC,nicht gefährdet,,
88780F20-FA47-4B0A-BB89-CC98CC96D443,,,,,,LC,nicht gefährdet,,
88882566-F578-4134-91E4-0EC99D94DA3E,,,,,,LC,nicht gefährdet,,
889789F9-E196-4056-89C4-D92F0932BF19,,,,,,LC,nicht gefährdet,,
89030B3A-8A45-45B6-823F-FBA78D738264,,,,,,LC,nicht gefährdet,,
8966FD48-4F8D-49B5-B4C2-D4C0B506EC82,,,,,,LC,nicht gefährdet,,
8A0BE5A3-6BE4-48B4-9F50-10D11966EF1D,,,,,,LC,nicht gefährdet,,
8A182182-8FAF-4FDF-9F53-F3AFC30434D8,,,,,,VU,verletzlich,D2,"erst 1979 beschrieben, 1995 erstmals in der Schweiz gefunden (Hodgetts 1995)"
8A7B6A95-78A4-4089-AD34-A0C020E59983,,,,E,endangered,CR,vom Aussterben bedroht,"B2ab(iii,iv)","nur aus dem Kandertal bekannt, Bauarbeiten am Hauptfundort haben die Population reduziert"
8A8F32B8-26EB-4EA0-8BB4-014553C88CC9,,,,,,LC,nicht gefährdet,,
8AA45872-7B9C-4D4C-90AA-4D2F79F01A72,,,,,,NT,potentiell gefährdet,,abhängig vom Moorschutz
8AC33698-2C5D-4D1F-9DBB-5408B5F4B8F1,,,,,,LC,nicht gefährdet,,
8B0E6FC4-DB84-4F7F-836E-CEAC53B6B4B3,,,,,,LC,nicht gefährdet,,
8B4A45A6-E6D6-4CC3-A8B8-3DD7FF090CC8,,,,,,LC,nicht gefährdet,,
8C17E430-719F-4DA1-B885-E9F99C0E5348,,,,,,LC,nicht gefährdet,,
8CE96FD1-69A0-4E78-A12B-56823326C3F6,,,,,,LC,nicht gefährdet,,
8D000C9F-4FA8-47DF-88CB-D78110B91FD6,,,,,,VU,verletzlich,A2b; D2,
8D398DC8-B323-41E7-B4C0-85283576F3BE,,,,,,VU,verletzlich,D2,
8DAA3B19-C3B8-4022-8DD0-36CFF18842DB,,,,,,VU,verletzlich,A2b,abhängig vom Moorschutz
8DD1DF96-BB37-4AC9-AD45-D02526365A40,,,,,,LC,nicht gefährdet,,
8DDDB8A9-BF2D-4C86-8409-2F5032BD9FA0,,,,,,VU,verletzlich,D2,
8E002B53-AAF6-4F6A-92B9-26FDF1C3C32F,,,,,,NT,potentiell gefährdet,D2,
8E373EF1-EF54-469E-B48F-8785FAA6BEA4,,,,,,VU,verletzlich,D2,
8E7274BC-27D5-4AB0-A0C6-1E5C42AB7475,VU,verletzlich. Kriterien: A1ac,,E,endangered,CR,vom Aussterben bedroht,B1ab(iv)+2ab(iv),"letzter Fund 1894, ein zweifelhafter neuerer Fund, Nachsuche einzelner Populationen erfolglos, weltweit gefährdet"
8E926E9B-7357-468D-94BD-E77CA5C3B974,,,,,,NT,potentiell gefährdet,,abhängig vom Moorschutz
8EE71CFA-DA2C-49BC-A9E4-FC48F939514C,,,,,,LC,nicht gefährdet,,
8EFD7B07-343D-43D3-9A97-EDCFCE63C6F9,,,,,,NE,nicht evaluiert,,
8F3A4875-71E5-4EED-BCD3-13CE9F0FE44D,,,,,,DD,ungenügende Datengrundlage,,"genaue Verbreitung nicht bekannt, da wohl übersehen"
8F5A2D8D-A9F5-4566-8A4D-69BC894302B0,,,,,,VU,verletzlich,D2,
8FDF301F-8839-4BD9-A011-7D48CB4B5850,,,,,,LC,nicht gefährdet,,
9038FBC2-3848-4A1F-BFEE-466DB8AB784B,,,,,,VU,verletzlich,D2,
90547A15-8646-4EAA-B766-684345F7E512,,,,,,LC,nicht gefährdet,,
90699E57-5678-45F0-BB7B-CE5894522A0B,,,,,,CR,vom Aussterben bedroht,A2b; B2ab(iv),
90B108DF-5603-476D-BD6A-FA5EF37D2167,,,,,,DD,ungenügende Datengrundlage,,Taxonomie unklar
90B79EE3-C7E6-4882-836C-F71F9F162FC4,,,,,,NT,potentiell gefährdet,A2b,
90DE3121-819E-4080-8B3C-E00DAABEC474,,,,,,VU,verletzlich,D2,
91016C5D-B1C4-40BD-8EEF-E4627097787F,,,,R,rare,CR,vom Aussterben bedroht,B2ab(iv),
917E9945-909E-4545-A945-82F1FAD87EE5,,,,,,VU,verletzlich,D2,abhängig vom Schutz der Trockenstandorte
9199F0A7-B46B-4F75-A929-01DA6404768A,,,,,,NE,nicht evaluiert,,
91C8E2AB-FB69-4A5F-BADD-A22B751325FF,,,,,,EN,stark gefährdet,A2b; B1ab(iv)+2ab(iv),
92605E59-2ED2-48D2-AAC4-20F28DE8AEB0,,,,,,LC,nicht gefährdet,,
92A7A8CA-5977-4A3E-A820-3B0B3FE0012C,,,,,,LC,nicht gefährdet,,
92C9D3F0-F372-4DF1-84AE-EC9CFD12F31D,,,,,,NT,potentiell gefährdet,D2,
92F83166-5651-46A8-B25F-B43327DB0ADC,,,,,,VU,verletzlich,D2,
935CBD29-D8C5-4743-A6DE-7E0E30DF456B,,,,,,LC,nicht gefährdet,,Unterarten möglicherweise stärker gefährdet
938F852A-4B24-4351-A64F-B0ECC8CCC5A1,,,,,,VU,verletzlich,D2,einziger Fund 2002
93993405-F1D4-4CCB-B90F-1D88D6A51931,,,,,,NT,potentiell gefährdet,A2b,
93B7BDFF-0250-4378-9AB4-191336C581EA,,,,,,VU,verletzlich,D2,
93C79C12-CE26-4BD1-B47D-18B2DDED6B48,,,,,,LC,nicht gefährdet,,
93E8F326-3AF0-45C5-AE67-3B438084A725,,,,,,VU,verletzlich,D2,kommt nur im Wallis vor
93F03728-B2CB-4C5C-8CAC-7FA4E93D62D1,,,,,,DD,ungenügende Datengrundlage,,"nur aufgrund der Chromosomenzahl sicher zu bestimmen, Verbreitung ungenügend bekannt"
9413B66E-9595-41E7-8792-08F45C0AB64C,,,,K,insufficiently known,VU,verletzlich,D2,
941C9C81-F30C-4A15-8B4D-6F8A4A81F96E,,,,,,LC,nicht gefährdet,,abhängig vom Moorschutz
94224B47-57E1-45E5-AB8A-0AAC2A964279,,,,,,VU,verletzlich,A2b,
945F2AD8-DDB1-44F7-94DB-2B37D8856F6C,,,,R,rare,EN,stark gefährdet,A2b,
949727EA-E528-418F-8137-28C499845813,,,,,,LC,nicht gefährdet,,
94AB6B69-3D37-4040-A57A-D56C9ACCBC3D,,,,,,VU,verletzlich,D2,einziger Fund 1993 und eine nicht überprüfbare ältere Angabe
94B1A1C1-CB20-48F3-A784-518214E2313C,,,,,,LC,nicht gefährdet,,
94B48D93-D046-4173-960E-D3626D7B9AA5,,,,,,LC,nicht gefährdet,,
94D0C740-7B16-413C-9C12-AE021B34FEA2,,,,,,VU,verletzlich,D2,"nur aus dem Wallis bekannt, abhängig vom Schutz der Trockenstandorte"
95023B20-6740-49C0-B72E-3C17D4EB750A,,,,,,LC,nicht gefährdet,,
95036B18-7042-4355-BDEE-B2FE1C84798B,,,,R,rare,VU,verletzlich,D2,
9506C34B-D876-44BD-9180-44771D1C92B0,,,,,,NE,nicht evaluiert,,
95BAC17E-1F5A-40E0-B235-6125DBD46EE1,,,,,,VU,verletzlich,D2,
95F206E9-B462-4781-B298-D95CA0C92A40,,,,,,VU,verletzlich,D2,
9608659C-0AB7-40D0-9695-E9A5CB104CED,,,,,,NE,nicht evaluiert,,
96190AB7-44F2-452E-BEB1-D2EC79F83337,,,,,,VU,verletzlich,D2,
962084C5-4ACC-45C1-B260-FC81C0591BC0,,,,,,LC,nicht gefährdet,,
964880E0-2811-4C72-AE7E-A6FB3A834288,,,,,,LC,nicht gefährdet,,
97296572-0B55-4C38-88CC-CF98125DE237,,,,,,VU,verletzlich,D2,
9786E289-FD6B-49FA-837A-DF4C2AF25718,,,,,,NE,nicht evaluiert,,
979178DC-6D78-4A1A-A194-84457004BAEC,,,,V,vulnerable,NE,nicht evaluiert,,
9811F49E-36C5-43DE-BDCB-A54D487AB403,,,,,,DD,ungenügende Datengrundlage,,Taxonomie unklar
9813BBB6-5237-438B-8BF5-E4F6167691A9,,,,,,NE,nicht evaluiert,,
981720C7-2686-4FE3-89A3-F404C68654F4,,,,R,rare,EN,stark gefährdet,A2b; B1ab(iv)+2ab(iv),
98376165-B768-4A01-8DE4-57E209B26298,,,,,,EN,stark gefährdet,B1ab(iv)+2ab(iv),abhängig vom Schutz der Trockenstandorte
9895C819-7C88-49AC-AB3E-60102123B70A,,,,,,VU,verletzlich,D2,"kommt nur im Wallis und im Tessin vor, abhängig vom Schutz der Trockenstandorte"
98AC157C-ECDC-4E6A-9E3B-780245D08846,,,,,,NE,nicht evaluiert,,
98DA354E-6E8C-4DEC-926B-B1E2573F0A87,,,,,,VU,verletzlich,D2,letzter Fund 1982
98FCB207-44F7-44A1-9520-D2CA6BF8F2D5,,,,,,DD,ungenügende Datengrundlage,,Taxonomie unklar
9924F5D1-FC3C-46CF-80F4-A29A30059D2D,,,,V,vulnerable,VU,verletzlich,D2,"möglicherweise ausgestorben, letzter Fund 1904"
9958D5B7-887D-4791-B7D5-B17BEE8DA6EB,,,,,,LC,nicht gefährdet,,
999B816D-8C62-45B4-9AB2-B96C36DFB508,,,,,,LC,nicht gefährdet,,
99D09D0F-2BEA-479D-BFC9-8ADFD6A0CD37,,,,,,NT,potentiell gefährdet,,"abhängig vom Moorschutz, im Mittelland stärker gefährdet"
99D39974-B3B7-4D05-A474-D110C45BDDEC,,,,,,NE,nicht evaluiert,,
9A1DB116-38DA-4770-9188-D28143B07CCE,,,,,,LC,nicht gefährdet,,
9A2FDA2E-07D0-48C8-9975-917B1A8FFB84,,,,,,NE,nicht evaluiert,,
9A361777-D895-49BF-8BF3-CC43CA4AB907,,,,,,LC,nicht gefährdet,,
9A3EDAA6-2941-41ED-9AE9-20E9A487EDE0,,,,,,LC,nicht gefährdet,,
9ADB25E4-876E-4078-8709-580469F77855,,,,,,EN,stark gefährdet,D2,"möglicherweise ausgestorben, letzter Fund 1915, Upgrading vorgenommen"
9B0BF190-0822-4EB3-A89C-74F6CD6304A1,,,,,,LC,nicht gefährdet,,
9B2CF229-96AD-48BB-8343-456BDF993780,,,,,,LC,nicht gefährdet,,
9B3CFB31-E6B1-4203-A546-D4303D165AEA,,,,,,LC,nicht gefährdet,,
9B63A91C-80FE-445B-A07F-A29685D209E3,,,,,,LC,nicht gefährdet,,
9BB2FEF6-45F3-401A-BDB3-B3B1D630EF5C,,,,,,DD,ungenügende Datengrundlage,,Taxonomie unklar
9BC7D15B-7A3D-4C5E-8995-5DBF787615A7,,,,,,LC,nicht gefährdet,,im östlichen Mittelland und Jura gefährdet
9C061037-6B37-4CDA-884F-5A7B7F275B1A,,,,,,LC,nicht gefährdet,,
9C24B5EC-2A81-4E3B-AC99-6563B063C705,,,,R,rare,VU,verletzlich,D2,
9CA7C6BE-8E08-4BCD-8251-C0CA80C93FF3,,,,,,LC,nicht gefährdet,,
9D229FDD-B1DA-4EFB-ABB4-611214ADBC15,,,,,,NE,nicht evaluiert,,
9DE9BD17-ED80-4F8C-86B1-72B028E45B33,,,,,,LC,nicht gefährdet,,
9E039982-4D06-4D66-8B96-D03A411A434F,,,,,,VU,verletzlich,D2,
9E4D4076-9FA4-4C93-95D5-A9F5ECD23000,,,,R,rare,VU,verletzlich,D2,"möglicherweise ausgestorben, letzter Fund 1890"
9E5668A6-FEBE-4A1A-8B99-FCCA4624320D,,,,,,LC,nicht gefährdet,,
9F1BABE6-97A5-43B9-BCDC-F7078FF29964,,,,,,VU,verletzlich,D2,
9F2AA59D-AAF8-4391-AAEB-D2AA109B5E59,,,,,,VU,verletzlich,D2,abhängig vom Schutz der Trockenstandorte
9F7B0573-1C4A-415B-94A4-9C28D1C1CB42,,,,,,LC,nicht gefährdet,,
9F7B2A1C-14D2-4C86-8D8F-82C9684246DC,,,,,,VU,verletzlich,D2,
9FB24F17-667D-47F2-A5B0-C90F4B4A0F6F,,,,,,DD,ungenügende Datengrundlage,,Vorkommen in der Schweiz unsicher
A09B4827-8A0D-426B-A5E5-640E1FEBC1A7,,,,,,LC,nicht gefährdet,,
A09CA732-0778-4168-B1C8-71132325F36F,,,,,,LC,nicht gefährdet,,
A0C335DA-0953-4151-9B2F-0EF3A0FEDE7F,,,,,,RE,in der Schweiz ausgestorben,,"einziger Fund 1885, Nachsuche erfolglos"
A0C64A0D-4C12-4816-A257-2692E213A35E,,,,,,EN,stark gefährdet,A2b; B1ab(iv)+2ab(iv),
A0D6E6C7-C3E5-44E1-9B8F-C3E8BF67D7F3,,,,,,NT,potentiell gefährdet,D2,"abhängig vom Moorschutz, im Mittelland und Jura stark gefährdet"
A13BFD1F-602A-4CB7-B059-B909D0BB00F3,,,,,,NT,potentiell gefährdet,D2,
A214AE34-80B7-44F5-A0A1-7961FCEC2E62,,,,K,insufficiently known,VU,verletzlich,D2,
A222578F-1487-4C68-A955-0C252F12FDE0,,,,,,LC,nicht gefährdet,,
A29E27BF-0FCF-4838-B980-A96C8A15704E,,,,,,VU,verletzlich,D2,
A2A00465-67F3-4A5E-963F-3AF549DF3B0D,,,,,,LC,nicht gefährdet,,
A2BF555F-CDC0-4F98-A26A-F966676474CD,,,,,,VU,verletzlich,D2,kommt nur in der Südschweiz vor
A2BFBBFF-40CC-4E00-BAD5-25DD23AB5068,,,,,,LC,nicht gefährdet,,
A2D46A5D-6E88-4807-911A-883FD411E094,,,,,,NE,nicht evaluiert,,
A3289ADA-A0E3-4122-89F4-58986F80C8FC,,,,,,NT,potentiell gefährdet,D2,
A32A1DB2-D2DC-44AE-8A07-AB2DAE69F744,,,,,,VU,verletzlich,D2,
A360E3F4-B159-4C71-ABCD-0682B613154B,,,,,,LC,nicht gefährdet,,Unterarten möglicherweise gefährdet
A3900814-4CED-485D-8870-EAFF1BEDAC24,,,,,,NE,nicht evaluiert,,
A3C4E316-11FA-4576-BD38-FF8EC93A1436,,,,,,LC,nicht gefährdet,,
A3D22C27-319F-43DB-AFAE-71CC9D8C263B,,,,,,LC,nicht gefährdet,,
A43AEFDF-568A-466D-BDE5-00A6FFDA09D2,,,,,,DD,ungenügende Datengrundlage,,nach neueren Erkenntnissen ein Hybrid zw. P. platyphylla und P. cordaeana
A4640307-E328-4525-93B5-363C1517AF4D,,,,,,VU,verletzlich,D2,
A46D61AF-A479-4575-8463-FE2F89D05D45,,,,,,VU,verletzlich,D2,
A4B19438-8C6E-4625-B777-3EAC9B422BB1,,,,,,VU,verletzlich,D2,
A4CE6FA0-F029-4634-A6FA-F0FBEA0302BE,,,,,,LC,nicht gefährdet,,
A50CFE4D-11C2-46F7-A453-146A495066D3,,,,K,insufficiently known,CR,vom Aussterben bedroht,A2b; B1ab(iv)+2ab(iv),"möglicherweise ausgestorben, letzter Fund erste Hälfte 20.Jh., Suche einzelner Populationen erfolglos"
A547105C-972F-47D3-B019-995BDD7175A1,,,,R,rare,VU,verletzlich,D2,
A54DB9AB-7977-4FA6-B49C-43AC138430D3,,,,,,VU,verletzlich,D2,
A568B28F-F6A3-4129-8851-58C23D112D24,,,,,,LC,nicht gefährdet,,
A57FF660-52ED-43CA-A2D3-4D21A7E06608,,,,,,LC,nicht gefährdet,,
A616DA58-56F5-45D4-8B54-B6CD6A63102A,,,,,,VU,verletzlich,D2,abhängig vom Schutz der Trockenstandorte
A6235F7E-E469-42BB-9700-9D71AB9EA1A5,,,,,,VU,verletzlich,D2,
A62F0924-D02A-47F6-B0C2-6764A593BEFF,,,,,,EN,stark gefährdet,A2b,
A65B3FB0-EABA-4964-956C-AD62AA9C409A,,,,,,VU,verletzlich,D2,
A68D577D-C6CD-4304-B9AB-F7A4EABCB6E1,,,,,,CR,vom Aussterben bedroht,B1ab(iv)+2ab(iv),abhängig vom Gewässerschutz
A6A49B40-22E0-4AD2-85CD-8D0125976EC5,,,,,,LC,nicht gefährdet,,
A6CD58EC-C47B-4937-B621-2CB6076368F7,,,,,,NT,potentiell gefährdet,D2,"erst 1981 beschrieben, kein Vergleich mit früher möglich"
A6D88CCB-ACC3-4C88-BD64-E2AF9C146BAC,,,,,,VU,verletzlich,D2,nur aus dem Tessin bekannt
A6D9761B-52F2-485E-A593-7DEA949F2E11,,,,,,VU,verletzlich,D2,abhängig vom Gewässerschutz
A6E3A5D2-B892-44B0-BC64-962C2BB3E17D,,,,,,VU,verletzlich,D2,
A703EFD6-FFF0-4071-AB28-2CEB80A6A0AE,,,,,,EN,stark gefährdet,B1ab(iv)+2ab(iv),abhängig vom Moorschutz
A7065F2A-E7C2-4F06-99FC-269B4920FF2E,,,,,,NE,nicht evaluiert,,
A70BA51C-E17E-47C5-8A87-87F58EB3CCF7,,,,,,NE,nicht evaluiert,,
A75128B4-E41D-4777-AD6B-A920EF95F64F,,,,,,DD,ungenügende Datengrundlage,,Taxonomie unklar
A8187D28-8BBD-414E-B15B-99184102DF6D,,,,,,LC,nicht gefährdet,,abhängig vom Gewässerschutz
A8BDD940-5EC5-41D3-AEE5-532F68527607,,,,,,CR,vom Aussterben bedroht,B2ab(iv),
A8FEAC07-0FFF-4BB2-91FB-50DDCCF61583,,,,,,EN,stark gefährdet,A2b,
A9475560-BC94-4F2C-8F2A-4080FD769EF2,,,,,,CR,vom Aussterben bedroht,B1ab(iv)+2ab(iv),
A999F115-9A5E-42AA-B4F2-ED271A8F1B19,,,,,,LC,nicht gefährdet,,
A9C1BB71-43EA-4FD0-94E5-B61FAD01597D,,,,,,VU,verletzlich,D2,
AA0CAA30-7AA1-40F4-BE78-E4D4BAEFBCAD,,,,,,LC,nicht gefährdet,,
AA1CE6A7-38E8-43D5-850A-AF3749469B8A,,,,,,LC,nicht gefährdet,,
AA23EC92-68FC-4DA0-937F-C069C1062909,,,,,,LC,nicht gefährdet,,
AA3F9589-EAF4-4B36-9F2C-73BCCE7C20DC,,,,,,NE,nicht evaluiert,,
AA46F863-DBE6-4CD1-9550-A54E302012D0,,,,,,LC,nicht gefährdet,,
AA4CBDB2-10C9-4DC9-BDC0-CCC618762B8E,,,,,,VU,verletzlich,D2,"nur aus dem Wallis bekannt, Erstfund 1990"
AA609E10-2AED-4EDC-B2D2-CB9F1F75A557,,,,,,DD,ungenügende Datengrundlage,,Taxonomie unklar
AA68E03C-DC54-41FE-997E-9B8D7FFF0C28,,,,,,LC,nicht gefährdet,,
AA823193-9FDF-4672-9E94-6C0482F574B0,,,,,,DD,ungenügende Datengrundlage,,"einziger Fund 1859, Nachsuche erforderlich"
AAD2A29F-D906-410F-BB0A-B0A63E69E59E,,,,,,VU,verletzlich,D2,"abhängig vom Moorschutz, evtl. in Ausbreitung"
AB15C579-E2FB-4CD2-8E7A-CD743BC78330,,,,,,NE,nicht evaluiert,,
AB1A5033-D9AA-4396-AFEA-515364123197,,,,R,rare,VU,verletzlich,D2,
AB397753-DA9E-4E7C-B931-F6C53BB5CDB2,,,,,,VU,verletzlich,D2,"möglicherweise ausgestorben, einziger Fund 1929, Nachsuche erfolglos"
AB8EBBB6-FB5D-41A7-8EB5-7BF390C366DF,,,,,,VU,verletzlich,D2,
AC081AB9-B369-4244-8539-F3B25FF0046C,,,,,,DD,ungenügende Datengrundlage,,Taxonomie unklar
AC164C2B-8944-48C3-916D-BB546552B563,,,,,,LC,nicht gefährdet,,abhängig vom Moorschutz
AC7E8825-2ABF-4A9F-88D5-290A4BA6044D,,,,,,DD,ungenügende Datengrundlage,,Verbreitung und taxonomischer Status zu wenig bekannt
AC93E917-CCF2-45E7-B1FE-194A9B1CAFBB,,,,,,LC,nicht gefährdet,,
ACAED730-C3FC-4C7A-90A3-F78021C712FB,,,,,,NE,nicht evaluiert,,
ACFDC67E-057E-423C-82D6-1D32140DF544,,,,,,LC,nicht gefährdet,,
AD1DE646-0F50-4265-A829-EA8EE6B48E2F,,,,R,rare,VU,verletzlich,D2,kommt nur in der Südschweiz vor
AD7FAFF6-E17B-4742-967A-E4164319979D,,,,V,vulnerable,DD,ungenügende Datengrundlage,,"taxonomische Stellung unklar, heute meist in O. cupulatum eingeschlossen"
ADC31DF3-D36B-4094-A8E2-F52958A2EC64,,,,,,VU,verletzlich,D2,
ADC73536-65C6-4641-A08F-8166F7003F71,,,,,,CR,vom Aussterben bedroht,A2b; B1ab(iv)+2ab(iv),"nur noch aus d. Tessin bekannt, auf d. Alpennordseite letzter Fund 1905"
ADD7A6FD-BE74-4FFB-8B9C-29A8D8915ED5,,,,,,NT,potentiell gefährdet,A2b,
AE17AE2F-8D36-4BB5-A346-0F20EB53FE23,,,,,,NE,nicht evaluiert,,
AE19068B-E223-4DD2-9EBB-844481034894,,,,,,LC,nicht gefährdet,,
AE33F82B-3A68-4C2D-A15A-455166A84D7B,,,,R,rare,VU,verletzlich,D2,
AE84BA6F-D265-4D5C-9B95-0C62C8E322B7,,,,,,VU,verletzlich,D2,"möglicherweise ausgestorben, letzter Fund 1911"
AE9BF925-C357-43D0-A1F4-62D67469332E,,,,,,VU,verletzlich,D2,
AF14B632-5F97-4C77-8E3C-D24298C3613C,,,,,,LC,nicht gefährdet,,
AF22CB50-028C-4EF0-B097-962E9E0F7F6F,,,,,,LC,nicht gefährdet,,
AF706D9B-3EEA-45A1-BF4C-639FBF3109A7,,,,,,LC,nicht gefährdet,,
AF8111D1-AA3F-4F42-A74D-32F436DC9664,,,,,,LC,nicht gefährdet,,
AF8291A3-CE86-4EC6-88B2-66DDA3F1E095,,,,,,NE,nicht evaluiert,,
AFA09601-9236-4A0D-98D5-F0711C87E52E,,,,,,VU,verletzlich,D2,
B06CE022-633F-4A3B-BA07-018588A0470B,,,,,,NT,potentiell gefährdet,A2b,
B092F410-D323-462E-8654-49603BB60AE8,,,,,,LC,nicht gefährdet,,
B0959D99-16BE-4BC3-9B4B-B5D7BA49E1DB,,,,,,LC,nicht gefährdet,,abhängig vom Moorschutz
B09CF07B-5AF4-4326-AE9F-24BFFA6D532B,,,,,,NE,nicht evaluiert,,
B0BD5197-86E9-4EFB-9997-D66C863FFC45,,,,,,,,,heutige Verbreitung nicht bekannt
B0C25CD8-EFAF-4082-978F-CD9218D1AF2C,,,,,,DD,ungenügende Datengrundlage,,
B0E72073-4DAB-4020-BDF2-63BF232C15D8,,,,,,NT,potentiell gefährdet,,abhängig vom Moorschutz
B10B1FBE-6254-4B9B-9B59-702B7D5A9E83,,,,,,LC,nicht gefährdet,,
B14B5FCB-5EC1-4D67-A15B-9F917CED5DBC,,,,,,LC,nicht gefährdet,,
B14D9156-708C-49BB-9D89-40B163DB7D22,,,,,,LC,nicht gefährdet,,
B19B772A-94F2-43BE-9AD3-EFFFF7DEFDBE,,,,,,LC,nicht gefährdet,,
B218929B-0310-410A-B505-20C7EABE313C,,,,,,VU,verletzlich,D2,
B218BCE2-BDED-48B5-9C45-920A31C9D018,,,,,,DD,ungenügende Datengrundlage,,
B26861AD-4688-4021-9822-5DFEDF4773B7,,,,,,NT,potentiell gefährdet,,abhängig vom Moorschutz
B2E72F38-7A9D-425B-A536-2392A1ACFCA9,,,,,,NE,nicht evaluiert,,
B3F6BB1E-67A0-434B-AB3C-AA04F22010D3,EN,"stark gefährdet. Kriterien: B1,2c",,E,endangered,RE,in der Schweiz ausgestorben,,"einziger Fund 1979, mehrfache Nachsuche erfolglos"
B4525749-20B3-40A4-AF8D-D3CAD56B76D4,,,,V,vulnerable,NE,nicht evaluiert,,
B477F2CC-1AF7-4C19-8178-77C9B3871DA5,,,,,,VU,verletzlich,D2,
B4DDA96B-43C4-4D7A-8F7D-C84B9CA0DF19,,,,,,LC,nicht gefährdet,,
B4FC77A0-505C-4925-9E4D-9AC2C3B61A99,,,,,,VU,verletzlich,D2,"möglicherweise ausgestorben, letzter Fund um 1900"
B50F56BA-5357-479D-9601-F244C4C1AA65,,,,,,LC,nicht gefährdet,,
B55A96AA-874F-4EDC-860C-F75E224A66B5,,,,,,VU,verletzlich,A2b; D2,
B5636EBF-E0DD-4B60-90B9-EC5F9E958F0E,,,,,,LC,nicht gefährdet,,
B5870B91-C2E3-43DE-A382-DC2E8E5BDC58,,,,,,LC,nicht gefährdet,,
B5986975-6551-42FB-A904-537741C39BDD,,,,,,NE,nicht evaluiert,,
B5C103FC-D5C8-44CA-81B4-D9D580F29CA9,,,,,,LC,nicht gefährdet,,
B5DBBD22-5EEB-4903-B65A-C2F2CD4C00C2,,,,,,NE,nicht evaluiert,,
B5F73F0D-5E93-4F62-808D-F591DC34E3CB,,,,,,DD,ungenügende Datengrundlage,,
B6000C9D-AFFD-4EA4-8A5C-F73CFD74BCBA,,,,,,EN,stark gefährdet,B1ab(iv)+2ab(iv),
B610326C-4AB8-4145-9972-BE2EDEB5B3A4,,,,,,LC,nicht gefährdet,,
B63CFBD1-0218-490E-9128-2A8327E19F40,,,,,,NE,nicht evaluiert,,
B6729116-63F9-4476-909F-FF0CDBE24126,,,,,,VU,verletzlich,D2,
B7044A4B-0BC9-4D27-AD2A-7ABD4618A8EE,VU,verletzlich,,E,endangered,CR,vom Aussterben bedroht,"A2b; B2ab(ii,iv)",weltweit gefährdet
B711AC9D-EF1E-4163-BC26-63C206DE49C8,,,,,,LC,nicht gefährdet,,
B741D16B-DC6C-450D-AB7A-2E88A546EE8A,,,,,,CR,vom Aussterben bedroht,B1ab(iv)+2ab(iv),
B7E10475-F68A-4C2E-9A90-98ABDAC650F6,,,,,,LC,nicht gefährdet,,
B7F623A7-2B01-40E5-B2BD-60FBF9017713,,,,,,VU,verletzlich,D2,
B82813E7-2C65-4BA8-8317-17564FA530AE,,,,,,NT,potentiell gefährdet,D2,
B852FD11-AA4C-4F6D-86EB-FB0CF9B6DF0B,,,,,,LC,nicht gefährdet,,
B868A9B1-7B75-4ADC-AAB0-EA8D2E96B24A,,,,,,LC,nicht gefährdet,,
B87FFECA-C048-44BC-BE00-57552416D942,,,,,,,,,"letzter Fund 1868, Nachsuche aller Populationen erfolglos"
B88518BC-A9E6-4AF4-B8DF-E0FC693E1D4F,,,,,,NT,potentiell gefährdet,D2,
B9821C3F-F5C2-4288-A14A-AA9F2DAE4286,,,,,,VU,verletzlich,D2,letzter Fund 1977
B995E897-F903-4441-BCEC-2A40B7DA40C7,,,,,,LC,nicht gefährdet,,
B9973509-0075-4C41-84BA-F4CF4DDC2C42,,,,,,DD,ungenügende Datengrundlage,,Taxonomie unklar
B9BDF262-D026-40EA-AE97-A4AD96E76B80,,,,,,NE,nicht evaluiert,,
BA0CECB6-F568-44A4-858E-53484F9F7290,,,,,,LC,nicht gefährdet,,
BA11F954-9F19-48CC-8268-9DEDFC00240A,,,,,,LC,nicht gefährdet,,
BA585FA6-C6C0-467A-94A6-9A9CE819C50A,,,,,,LC,nicht gefährdet,,
BA9027C5-E498-4D2C-B234-99B80A96DCE7,,,,,,VU,verletzlich,D2,
BA9471E0-0F54-4AA4-8573-CE866BFAFD55,,,,,,DD,ungenügende Datengrundlage,,
BAC22099-8282-4B11-B3A1-EEBC63A8D282,,,,,,LC,nicht gefährdet,,
BAE3347C-81C8-40C4-9916-8615D2F54825,,,,,,LC,nicht gefährdet,,
BB093121-8A41-4AD0-A30C-7EE42CFA818A,,,,,,LC,nicht gefährdet,,
BB0C6AF9-4134-4CFF-AD1A-5BC0966B7EF3,,,,V,vulnerable,VU,verletzlich,D2,
BB4B9BFB-515A-406D-83FE-26661191FFAF,,,,,,VU,verletzlich,D2,abhängig vom Moorschutz
BB6D533D-3A0E-4D11-BCCB-412AC017D92D,,,,,,EN,stark gefährdet,B1ab(iv)+2ab(iv),
BB73ADC8-64A0-4122-A1DB-CDDEBF10A9E3,,,,E,endangered,VU,verletzlich,D2,"möglicherweise ausgestorben, letzter Fund 1909, Nachsuche aller Populationen erfolglos"
BB79F657-8107-40A7-B10A-40A5B0168A9D,,,,,,VU,verletzlich,D2,
BB85AA06-CDD5-4397-9F09-B4D713FBFC7A,,,,,,VU,verletzlich,D2,
BC13E498-9506-45C3-8A06-171DDCFEAFA2,,,,,,LC,nicht gefährdet,,
BC61FC68-C77C-43F3-A8B6-35F1EB4D5F4D,,,,,,DD,ungenügende Datengrundlage,,
BC6ABCBE-A369-4467-99C9-EC8064065D60,,,,,,NE,nicht evaluiert,,
BC7612F9-6D28-47D4-ADF0-F3EEFAC7F612,,,,,,NE,nicht evaluiert,,
BD0BE22D-29C3-4CD2-88DD-6C4157DBE357,,,,,,LC,nicht gefährdet,,
BD672308-FAC8-4A16-AEC7-2228ED7EA56E,,,,,,NT,potentiell gefährdet,D2,
BD78A404-163A-4D82-95BC-A38A546A5140,,,,,,VU,verletzlich,D2,
BD83FA41-CF08-4715-96F9-EBEB6E274E42,,,,,,NE,nicht evaluiert,,
BDAC9EE1-A1A2-4436-AEC5-7BDCB450EDCD,,,,,,LC,nicht gefährdet,,
BDAE619B-264E-465E-8BA0-4E4BD25B9E9A,,,,,,LC,nicht gefährdet,,
BDB958AD-E00D-4D0B-AE6A-8C636BE86FFB,,,,,,LC,nicht gefährdet,,
BDBB1915-EEBE-4FAC-B264-D5A91770E0E2,,,,,,NE,nicht evaluiert,,
BDE7B220-3409-492F-9691-6A2D10DAE6BF,,,,,,NE,nicht evaluiert,,
BE1334EB-1390-4C19-AAD9-A4443324AA53,,,,,,LC,nicht gefährdet,,
BE227FCB-262A-43E4-9C32-DA73962AB85E,,,,R,rare,CR,vom Aussterben bedroht,B1ab(iv)+2ab(iv),"weltweit sehr beschränktes Verbreitungsgebiet, nur im Tessin und Norditalien, letzter Fund 1982"
BE2A7B02-C4D8-46A1-8E1A-DA7898A37FE3,,,,,,NE,nicht evaluiert,,
BE2F4CEF-ABFF-4E86-9B8B-D1327FCD30DE,,,,,,LC,nicht gefährdet,,
BE6A8D37-E2E6-4F00-9745-0BEEC485757B,,,,,,NE,nicht evaluiert,,
BE780D1E-B892-4E95-AD7E-EDEDBB5C30BD,,,,,,LC,nicht gefährdet,,
BE954BC6-E7BA-4AB6-84F5-DF416CCFCD76,,,,,,VU,verletzlich,D2,
BE9EB5C8-A48E-4628-A671-E79AEF26E0D3,,,,,,LC,nicht gefährdet,,nur in der Südschweiz
BECE6400-F863-48D9-BE21-69CDB37D5391,,,,,,VU,verletzlich,D2,abhängig vom Moor- und Auenschutz
BF4431F2-B088-4B4F-9EFB-CA792A1C47E1,,,,,,DD,ungenügende Datengrundlage,,Taxonomie unklar
BF9E5F78-A541-4D09-A994-1F84D67D0835,,,,,,LC,nicht gefährdet,,
BFF395F4-DB22-4DD2-AAD2-0E675F7C2996,,,,,,NT,potentiell gefährdet,D2,
BFF7FC92-1B60-4C41-BEEA-C4306A122234,,,,,,NE,nicht evaluiert,,
C010181E-034D-44A9-963C-D057FEBE521B,,,,,,LC,nicht gefährdet,,
C049DC25-8689-4D29-8F9D-E58901740288,,,,,,LC,nicht gefährdet,,
C04D7701-AF56-472A-B76E-3108B65A3EED,,,,,,LC,nicht gefährdet,,
C05BCC95-EF9D-4317-9460-11CD4B2DC50D,,,,,,NE,nicht evaluiert,,
C0983AFD-56AD-49B9-8889-EE75C2DE8BD8,,,,,,LC,nicht gefährdet,,abhängig vom Moorschutz
C0A103F9-E957-49AC-AD80-CE1B93F1C0FC,,,,,,VU,verletzlich,D2,
C0AF9EB4-19FF-4042-B6BF-20AB5D1C0751,,,,,,VU,verletzlich,D2,
C0BEB0C9-D458-4C91-994A-1F66AE5CFE72,,,,,,NE,nicht evaluiert,,
C10C4197-E14C-41D6-8AEC-4A6616A8B219,,,,,,EN,stark gefährdet,A2b; B1ab(iv)+2ab(iv),
C122038C-5E20-41C5-8862-B94B6759F54A,,,,,,LC,nicht gefährdet,,
C15D27FA-344B-4A94-88A2-AA0CA6BB0177,,,,,,LC,nicht gefährdet,,
C19EBD7E-02F9-4383-9AEB-6D2D05FF18C7,,,,,,DD,ungenügende Datengrundlage,,Taxonomie unklar
C1A4D69E-1D3D-4996-9C49-C0B6AF30AC1B,,,,,,EN,stark gefährdet,B1ab(iv)+2ab(iv),
C1D469EE-71A2-43D5-914E-4A375301CB6E,,,,,,NE,nicht evaluiert,,
C1F65132-C56B-46B9-99C8-368DA0526413,,,,,,LC,nicht gefährdet,,
C28B016B-D9ED-44C6-AD78-B7700D1EBB49,,,,,,LC,nicht gefährdet,,
C28F3DA0-69C2-4C82-8288-9BA49B5C9095,,,,,,VU,verletzlich,D2,"möglicherweise ausgestorben, letzter Fund 1920"
C2B284F4-1EF9-4348-B61E-367C8EDE9CBE,,,,,,LC,nicht gefährdet,,
C2CEAB55-1227-4F0A-BEC9-43B6C9CCF2E7,,,,,,VU,verletzlich,D2,
C2E59319-B64D-447E-96D1-7593C2B56028,,,,,,EN,stark gefährdet,A2b; B1ab(iv)+2ab(iv),
C3096BF4-6BC7-429E-A3E6-3EA98F02BDA2,,,,,,NE,nicht evaluiert,,
C369D960-CA16-411C-B236-30D7A8AA965D,,,,,,CR,vom Aussterben bedroht,"A2b; B2ab(i,ii,iv)",
C3B05267-C73C-401B-A072-97D8743B4875,,,,,,NE,nicht evaluiert,,
C42B23BE-F3B4-4298-BB79-3B48D7C66745,,,,,,LC,nicht gefährdet,,
C444104A-C43A-48ED-A267-CDB5786EFF7F,,,,,,LC,nicht gefährdet,,
C4EAB8B2-F9C8-4108-93E7-C58992609A01,,,,,,NT,potentiell gefährdet,D2,
C4EC65F9-E962-4D84-958D-9A0186B48FAD,,,,,,VU,verletzlich,D2,
C4FBCB9A-A6A6-4CAE-8E1A-F8F3A16B2D0F,,,,,,VU,verletzlich,D2,nur aus dem Tessin bekannt
C5781573-B5EF-48C9-8399-4DA86A91B2E7,,,,,,LC,nicht gefährdet,,
C5F1739B-4ED0-42B4-BD9A-82633439F606,,,,,,VU,verletzlich,A2b,
C636FD53-31BC-44B5-B767-E0D2D8DA636D,,,,,,LC,nicht gefährdet,,
C67BA250-E795-4A02-9940-94CB35A79032,,,,,,LC,nicht gefährdet,,
C687F271-4B0C-4369-8CFA-E7040507EF2A,,,,,,LC,nicht gefährdet,,
C6CA6FDD-6C2F-47A1-A3A3-4C234C9C63B7,,,,,,LC,nicht gefährdet,,
C7226F1A-191D-4129-8429-903C83E3F6A8,,,,,,VU,verletzlich,D2,
C75DCB28-3CF0-4669-A63A-E1DAC46F2306,,,,,,LC,nicht gefährdet,,
C7BE4D0F-070E-46EA-9432-80FF66650C57,,,,,,LC,nicht gefährdet,,
C7EB56A0-AE43-4506-ADAF-50804C27B5B2,,,,,,VU,verletzlich,D2,letzter Fund 1969
C84E2E51-DAF1-4AE5-BD90-70E7B2E530C2,,,,R,rare,RE,in der Schweiz ausgestorben,,letzter Fund 1866
C8862DB4-22CA-43EC-8F51-8FAE2C9C2998,,,,,,LC,nicht gefährdet,,
C8E61BB3-97A3-4696-90FE-05CADDBB5609,,,,,,VU,verletzlich,A2b; D2,abhängig vom Moorschutz
C94FF097-8E3F-4553-B6CE-CFB51FCBA71A,,,,,,EN,stark gefährdet,A2b,
C9834CA0-F151-40D9-957E-9C0BC8E80ED7,,,,,,DD,ungenügende Datengrundlage,,
C99708A1-C4B4-425B-AABD-817D37D80C65,,,,,,NE,nicht evaluiert,,
C9A8CCE2-A572-4066-BAFF-77078C99FAAA,,,,,,CR,vom Aussterben bedroht,"A2b; B2ab(ii,iii,iv)",starker Rückgang durch intensivierte Landwirtschaft
C9B02868-8013-43C1-AEFD-14520489ECE2,,,,,,LC,nicht gefährdet,,
C9B3B70D-D8BE-4DC3-A194-C7120586142C,,,,,,NE,nicht evaluiert,,
C9B5BAFD-CC02-4616-92EC-2C7CB82F8304,,,,,,NT,potentiell gefährdet,D2,
C9E11160-0311-4613-97DF-A515DF1B7742,,,,,,LC,nicht gefährdet,,
C9E41753-8BD1-4091-AA81-DB1FAC63D39C,,,,,,LC,nicht gefährdet,,
CA276221-812B-43A0-BA2B-801935485BC2,,,,,,LC,nicht gefährdet,,
CA61AAF3-4689-4132-92DF-6E489E5F970D,,,,,,VU,verletzlich,D2,
CA6B235B-7D8E-4CF0-BD53-E9CC4EDDFD81,,,,,,NE,nicht evaluiert,,
CAA876E6-F85D-4A38-8300-E8A2E5A9D6BB,,,,,,LC,nicht gefährdet,,
CACF5E22-2D77-4E7A-8B5D-5B82ABDED76F,,,,,,LC,nicht gefährdet,,
CBBE398A-69A3-4D46-B9B5-0B2822C98206,,,,,,LC,nicht gefährdet,,
CC298749-B8F8-42B1-AB52-55915411859E,,,,,,VU,verletzlich,D2,einziger Fund 1986
CC328AB8-809C-4E55-8A36-52296216D62F,,,,,,NT,potentiell gefährdet,A2b,
CC49405E-16B3-46AE-8CFC-906701652909,,,,,,LC,nicht gefährdet,,
CCABF5E8-0E57-4452-AB65-7FA7C8A83D2C,,,,,,EN,stark gefährdet,A2b,
CCC719BF-D3D4-4865-B67D-7CC08AE73B66,,,,,,CR,vom Aussterben bedroht,B1ab(iv)+2ab(iv),
CCDA5B0A-090D-4734-9BA5-A8F5B0342C40,,,,K,insufficiently known,VU,verletzlich,D2,
CD09E782-DB9D-47C9-8E9A-DE426EEBD0DF,,,,,,LC,nicht gefährdet,,
CD3BDF3B-D648-47DD-BD17-7A223F36018E,,,,,,VU,verletzlich,D2,abhängig vom Moorschutz
CD4BB6C4-E63D-4983-BD12-7F39BBBA6AFE,,,,,,LC,nicht gefährdet,,
CDC7EB57-6BC2-4E34-8B33-D7B54C2AA4FB,,,,,,EN,stark gefährdet,B1ab(iv)+2ab(iv),abhängig vom Schutz der Trockenstandorte
CEBFA7A7-A194-4EE0-81D0-A7F6EBD88175,,,,,,DD,ungenügende Datengrundlage,,Taxonomie unklar
CF4DF9EF-8244-4821-A45E-D468ED15072B,,,,,,LC,nicht gefährdet,,
CF4EF9C6-4D22-481B-BF6D-8DB33153AF12,,,,,,NE,nicht evaluiert,,
CF6BE347-6FEC-4746-A929-52278AF396AF,,,,,,CR,vom Aussterben bedroht,A2b; B2ab(iv),
CFD54125-2C2D-4B4E-B2A3-BDC0BFCF8A5A,,,,,,,,,"in Europa erst seit 1969 als eigene Art anerkannt, bisher nicht in CH"
D017C14B-1990-4525-B615-9943C726B837,,,,,,LC,nicht gefährdet,,
D040AC45-9793-43C0-869D-52E8DEE72179,,,,,,LC,nicht gefährdet,,
D0ABCF4E-28BE-439A-B068-61F3B5683DBB,,,,,,LC,nicht gefährdet,,
D154373C-6BB0-446B-AB85-02BD5CC31DF1,,,,,,LC,nicht gefährdet,,
D16D8DF2-D07F-4ED9-971B-A0FDA77F21F3,,,,,,DD,ungenügende Datengrundlage,,"wird erst seit kurzem unterschieden, bisher 2 Funde"
D1C4344E-1B0F-4A6D-8363-49263EE0558F,,,,,,LC,nicht gefährdet,,
D1C56D1C-762B-48BD-A366-C47C12773CD2,,,,,,LC,nicht gefährdet,,
D20D8D01-1827-46E2-8D54-46B7A418D84E,,,,,,LC,nicht gefährdet,,
D2279B2A-0B40-4E13-82FC-59DDC1448E8C,,,,,,NE,nicht evaluiert,,
D23E8A0D-AD00-4FC4-A1BB-72CAC8C91044,,,,,,CR,vom Aussterben bedroht,B2ab(iv),
D2632159-3CEC-4A8F-9297-4EFA26F3B42C,,,,,,DD,ungenügende Datengrundlage,,Vorkommen in der Schweiz unsicher
D27520A4-C3F6-40D5-A487-105DB5205F7B,,,,,,LC,nicht gefährdet,,
D28A5CA0-1654-426F-9988-5DC0538E90D5,,,,V,vulnerable,DD,ungenügende Datengrundlage,,Vorkommen in der Schweiz unsicher
D2E7A5E8-E989-4401-AD0D-0E8C70710D6E,,,,K,insufficiently known,VU,verletzlich,D2,abhängig vom Schutz der Trockenstandorte
D2FAD057-55F5-47E3-98BA-0F3666F91EFA,,,,,,LC,nicht gefährdet,,
D31040CF-AD1A-4192-8F6A-5949838B17DD,,,,,,LC,nicht gefährdet,,
D328CD76-6CFA-4D38-A117-8762D65BA8B7,,,,R,rare,LC,nicht gefährdet,,
D38FE657-24F6-452B-991E-87B71D5D7F68,,,,,,NE,nicht evaluiert,,
D3BE0F1A-3F84-420C-A005-4AE2D11962A8,,,,,,LC,nicht gefährdet,,
D412F0B2-5B2B-4E52-A151-7B60B1799654,,,,,,LC,nicht gefährdet,,
D4574949-DB64-4AA4-8139-3843B33DDFDB,,,,,,CR,vom Aussterben bedroht,B2ab(iv),"möglicherweise ausgestorben, letzter Fund 1924"
D45F72CC-5473-4C50-A1E4-A5F8EB398B83,,,,,,CR,vom Aussterben bedroht,"B2ab(i,iv)",abhängig vom Schutz der Trockenstandorte
D48E5442-E1DD-46BF-84E7-3DC99062724B,,,,R,rare,VU,verletzlich,D2,
D49A5B9E-AABC-4BC2-A5E2-9E040F42F594,,,,,,LC,nicht gefährdet,,
D4A9A3FA-7D53-41A0-A4C3-545EB48C1969,,,,,,NE,nicht evaluiert,,
D4DD1123-C92A-4C2C-BDF3-536AE256E015,,,,,,DD,ungenügende Datengrundlage,,Vorkommen in der Schweiz unsicher
D4F5B598-CA8C-4C97-A1FB-4D09DC85F6D3,,,,,,EN,stark gefährdet,B1ab(iv)+2ab(iv),
D53A2271-2388-471C-B01D-CF80AFA129F8,,,,,,DD,ungenügende Datengrundlage,,Taxonomie unklar
D559ED95-B001-40AB-90FE-03ED64CE7BB2,,,,,,LC,nicht gefährdet,,im Mittelland gefährdet
D577BB50-CDBA-445C-8514-DB4C7C506504,,,,,,NT,potentiell gefährdet,,abhängig vom Moorschutz
D57995A1-722F-4764-80E9-05CE212D00E6,,,,,,EN,stark gefährdet,A2b; B1ab(iv)+2ab(iv),
D5850D57-8F06-42CE-B283-5680867E458E,,,,,,LC,nicht gefährdet,,
D5FCD35B-A45B-45FA-8C95-3E5DA808260F,,,,,,LC,nicht gefährdet,,
D620651E-E17A-444B-9C25-F12C3FC70346,,,,,,VU,verletzlich,D2,
D6F636FB-59D6-48FF-9DA3-EC224A8A91D4,,,,,,LC,nicht gefährdet,,
D6F96A1C-0F6C-4AF5-8429-C9D80FF30AA8,,,,,,NT,potentiell gefährdet,D2,
D72BE129-4EFD-4664-A4A2-DA029B4D992D,,,,,,CR,vom Aussterben bedroht,B2ab(iv),
D7633838-5824-4571-8E32-7B4ED97C7336,,,,,,DD,ungenügende Datengrundlage,,Taxonomie unklar
D77784D0-6C7E-4366-BDE0-1295DC089606,,,,,,CR,vom Aussterben bedroht,A2b; B1ab(iv)+2ab(iv),letzter Fund 1983
D7E1521F-9D47-4607-A800-FF18B0D7A7A9,,,,,,LC,nicht gefährdet,,
D7E3732F-C059-4537-9B44-7BA4B0D96297,,,,,,LC,nicht gefährdet,,
D843B07F-106D-4339-8152-26C2DD096D3D,,,,,,LC,nicht gefährdet,,
D864B5E2-77BF-4BB3-A3FD-658F9F58889C,,,,,,VU,verletzlich,D2,
D899C3FD-FBB2-4D91-8114-01D32C556501,,,,,,NT,potentiell gefährdet,A2b,abhängig vom Moorschutz
D8D09E37-564B-4297-A850-4A744FED485F,,,,,,VU,verletzlich,D2,abhängig vom Schutz der Trockenstandorte
D8E30FE9-4798-45BD-8EC1-6E8B383D1C00,,,,,,NE,nicht evaluiert,,
D91D4712-7A30-4CD9-A333-EEDFE34AFD79,,,,,,DD,ungenügende Datengrundlage,,Taxonomie unklar
D9449357-C4E1-4A72-9D6C-E281994C029D,,,,,,VU,verletzlich,D2,
D9D28FC7-639A-43F3-A457-9241644D0611,,,,,,LC,nicht gefährdet,,
D9DCBC2F-1F7F-4CA5-B557-030DB164DA22,,,,V,vulnerable,DD,ungenügende Datengrundlage,,"Vorkommen in der Schweiz unsicher, Beleg nicht auffindbar"
DA138E1E-D2C6-40E5-9AE7-0E2D5524EABB,,,,,,LC,nicht gefährdet,,abhängig vom Moorschutz
DA2C7163-EF84-44F6-868E-CEF42DDD55DF,,,,,,LC,nicht gefährdet,,
DAD79EBA-D779-47AF-9FD3-FE3D62F43380,,,,,,LC,nicht gefährdet,,
DB089E39-29DB-44D4-8196-E78E9B179C3C,,,,E,endangered,RE,in der Schweiz ausgestorben,,"letzter Fund im 19. Jh., Nachsuche der meisten Populationen erfolglos"
DB0A71F9-B2BB-44A7-B4A7-8DFDCD90D489,,,,,,LC,nicht gefährdet,,
DB878593-1EB9-4EF4-B0B0-9348BD1CB803,,,,,,DD,ungenügende Datengrundlage,,Taxonomie unklar
DB92D878-773D-4073-AB18-58B1FB0B1962,,,,R,rare,VU,verletzlich,D2,"Berggipfelmoos, wohl untersammelt"
DCFA2D9F-8295-4647-A816-772F2B44555A,,,,,,LC,nicht gefährdet,,
DCFAF3A1-DD33-4B49-86AB-4774C1E007DD,,,,,,NE,nicht evaluiert,,
DD23BCEA-50C7-4F59-93B6-6DD613F95544,,,,,,LC,nicht gefährdet,,
DD5A063A-9421-4619-B527-2E7A90F9097B,,,,,,LC,nicht gefährdet,,
DE14483E-8620-48C3-ACE8-A9B5A63F04DA,,,,,,LC,nicht gefährdet,,
DE2A65A4-48C2-4CBC-AA61-4D3394382B81,,,,,,NE,nicht evaluiert,,
DE57CC4E-DB50-471C-B1C6-F2053FC36914,,,,,,EN,stark gefährdet,A2b,
DF4EB2A5-7912-455A-B479-8ED92B10AE42,,,,,,NE,nicht evaluiert,,
DF85B807-2144-4234-BDA0-F5605E4EDDDE,,,,,,LC,nicht gefährdet,,abhängig von ökologischen Ausgleichsmassnahmen
DFF93707-B533-44B3-B886-7BDA9C432537,,,,V,vulnerable,RE,in der Schweiz ausgestorben,,"letzter Fund 1863, Nachsuche erfolglos"
E0164117-3B08-43EA-BDEB-105DDB91D651,,,,,,LC,nicht gefährdet,,
E026856B-DD1D-43D7-97FE-3A1B0EA97C45,,,,? R,rare?,DD,ungenügende Datengrundlage,,"Vorkommen in der Schweiz unsicher, Taxonomie unklar"
E15D3242-21B4-4E4E-B3A1-8430777FBCBA,,,,,,LC,nicht gefährdet,,
E18A0255-1B8A-4FBA-A6EA-F1B5F83AD87B,,,,,,NE,nicht evaluiert,,
E1E21993-C493-4471-AAC8-4410B44BDB29,,,,,,LC,nicht gefährdet,,
E1E74088-29F6-46BC-868C-2707697131EC,,,,,,LC,nicht gefährdet,,
E256E95D-BA30-4DF1-A474-E5CA5A58E86E,,,,,,LC,nicht gefährdet,,
E2703D86-BA48-49A6-BDC8-5DDDCDD97754,,,,,,NE,nicht evaluiert,,
E2AFFD63-86CC-4C80-898A-2E6AD7E79566,,,,,,NE,nicht evaluiert,,
E2D9FBCE-F178-4527-A08F-89395589841C,,,,,,LC,nicht gefährdet,,
E2EBFC43-E349-427C-82A3-959010F686C3,,,,,,VU,verletzlich,A2b; D2,
E37D36F3-28D6-442E-B4F0-B1FEDDFFAFF8,,,,,,LC,nicht gefährdet,,
E384412F-3AB1-44CC-AEC8-7C32C9BAC2CA,,,,,,LC,nicht gefährdet,,
E397E95E-9229-4C41-8B3C-56DF4070E48C,,,,V,vulnerable,EN,stark gefährdet,D2,"nur aus dem Tessin bekannt, Upgrading vorgenommen"
E39EB77E-8DC0-4E93-8482-C26F65894C82,,,,,,CR,vom Aussterben bedroht,B2ab(iv),"rezente Vorkommen nur noch im Wallis, abhängig vom Schutz der Trockenstandorte"
E3C9D453-0AFD-4593-B7A5-6C0BBF0F4483,,,,,,EN,stark gefährdet,B1ab(iv)+2ab(iv),
E4412CA6-85A4-418B-B510-F27BB1306F5C,,,,R,rare,VU,verletzlich,D2,
E473C1BD-D6CB-43BC-9932-023FB856FB20,,,,R,rare,VU,verletzlich,D2,
E4ADBC05-5532-4E9D-A44B-6144FA5CFA8A,,,,,,EN,stark gefährdet,A2b,
E4D4FCEA-6E70-479F-B1AB-C86585D51E71,,,,,,VU,verletzlich,A2b,abhängig vom Moorschutz
E59A8764-3DD0-48A3-BB9E-FBFBA097F081,,,,E,endangered,NE,nicht evaluiert,,
E5C0C4B8-232B-46B5-9A68-4FF03DE84D07,,,,,,LC,nicht gefährdet,,
E5E0BF4D-13ED-472D-A77F-A68A2195F2F6,,,,,,VU,verletzlich,D2,einziger Fund 1997
E620A6DC-1F9B-4E0B-8A74-66212F5C2EB4,,,,E,endangered,RE,in der Schweiz ausgestorben,,
E6345C26-B408-4949-8EF9-6E2C25FAF067,,,,,,LC,nicht gefährdet,,
E6781737-D161-43A3-A20E-8B671A3764E1,,,,R,rare,RE,in der Schweiz ausgestorben,,"letzter Fund 1928, Nachsuche fast aller Populationen erfolglos"
E6D93C3C-3D55-4BF7-9D87-48810280C0CF,,,,,,LC,nicht gefährdet,,
E6EF4357-8340-4A44-9587-11AACE29AA20,,,,,,LC,nicht gefährdet,,
E6F99016-8E95-494F-B6EC-7FDAAC7E66FB,,,,,,LC,nicht gefährdet,,
E6FA80A1-684F-4259-BC04-E7B0EDF5AFE9,,,,,,LC,nicht gefährdet,,
E71CCC06-DE6E-4152-B150-E07C05B4F6DF,,,,,,LC,nicht gefährdet,,
E76ECA18-641A-4C31-9AB8-6F404B5C9C8F,,,,,,VU,verletzlich,D2,einziger Fund 1984
E7CF8507-60B6-4A2F-814C-E38C38444F6E,,,,,,VU,verletzlich,D2,abhängig vom Schutz der Trockenstandorte
E7E8AC71-C79D-454C-99FD-6883B6B6CE12,,,,,,LC,nicht gefährdet,,
E81B2774-01C0-43CE-A96C-A9CE8DF8ADAC,,,,,,NE,nicht evaluiert,,
E86B3DA5-3163-4EC4-9764-316A6FC3B087,,,,,,VU,verletzlich,A2b,
E86D3464-9BE8-45DA-9EF7-4F3156A09941,,,,,,VU,verletzlich,D2,"möglicherweise ausgestorben, letzter Fund 1921"
E889BE0C-C700-442B-ADC4-2C1F548F52EF,,,,,,RE,in der Schweiz ausgestorben,,"einziger Fund 1914 (Saas Fee), Fundort wurde zerstört"
E8BB6F07-B17A-41BF-9BCA-DEBDEA0CF396,,,,,,LC,nicht gefährdet,,
E8CC2629-FB95-4FF1-A97D-C7FB6E4F5940,,,,,,LC,nicht gefährdet,,abhängig von ökologischen Ausgleichsmassnahmen
E95EAB25-BDA8-4A70-B586-21933C0654B8,,,,,,LC,nicht gefährdet,,
E9CF374E-D259-423C-B028-CDD6378968CB,,,,,,VU,verletzlich,D2,abhängig vom Schutz der Trockenstandorte
EA1C9557-769C-4BD3-9328-AE322DD35665,,,,,,VU,verletzlich,D2,
EA248E17-D82A-49FD-AEB0-E210AE4AFE86,,,,R,rare,VU,verletzlich,D2,
EA550EF0-1E11-47C6-AF83-1FF077BF3425,,,,,,LC,nicht gefährdet,,
EAA456B4-5871-469C-B5CD-2BF4B05E11C9,,,,,,CR,vom Aussterben bedroht,B2ab(iv),nur aus dem Tessin bekannt
EAD59D5B-362D-41ED-A77D-29497F340E3B,,,,,,NE,nicht evaluiert,,
EADC0F75-71B0-4FAE-9B34-B6869559907A,,,,,,LC,nicht gefährdet,,
EADC5139-A696-444B-956A-2AEBE0D97CE0,,,,K,insufficiently known,VU,verletzlich,D2,
EAFBFA72-4ABF-4846-897C-D34DC084D4B6,,,,,,VU,verletzlich,D2,
EB05AE2D-B30C-41B5-8800-1EA4732784C3,,,,R,rare,CR,vom Aussterben bedroht,B2ab(iv),
EB67724C-CC38-4D7D-A59A-0F6326CEE6C9,,,,,,LC,nicht gefährdet,,
EB77662F-F28C-4E21-9A9F-9B3025D54205,,,,,,LC,nicht gefährdet,,
EB7C148D-C92E-4977-9284-7E99CAD110B9,,,,,,LC,nicht gefährdet,,
EBC76E48-2030-477D-8185-089D2057F0AF,,,,,,NE,nicht evaluiert,,
EC05426B-33AF-44F1-9A4A-6B9C703285C1,,,,,,LC,nicht gefährdet,,
EC277CF7-DE6E-4D50-A07B-D768EED240FA,,,,,,RE,in der Schweiz ausgestorben,,"letzter Fund 1918, Nachsuche erfolglos"
EC4F5F77-6A1F-4124-AF53-9320F2B9D1B1,,,,,,LC,nicht gefährdet,,
ECA641D7-4528-4FA3-9695-85F866CEBCAA,,,,,,LC,nicht gefährdet,,
ECBFB233-2741-4B71-883D-195A76FF8B48,,,,K,insufficiently known,VU,verletzlich,D2,"möglicherweise ausgestorben, einziger Fund 1923, Suche erfolglos"
ECE22E7B-FDAC-4773-98DB-716885DB9D2C,,,,,,LC,nicht gefährdet,,
ED719F14-6FD5-477B-9997-1BABFCB90771,,,,,,LC,nicht gefährdet,,
ED73135C-A516-4C13-B7EF-19332E9AD7E0,,,,,,VU,verletzlich,D2,
ED96A0F1-A846-400F-BF44-9F7988873816,,,,,,LC,nicht gefährdet,,
EDD026A6-1484-4EF9-B689-4D97FEBE8A37,,,,,,NE,nicht evaluiert,,
EDDC9056-1CE9-41D0-8D0E-FFD32F4393E3,,,,,,NT,potentiell gefährdet,,abhängig vom Moorschutz
EE335934-C2DB-4B54-AD54-E54970D70F49,,,,,,LC,nicht gefährdet,,
EE729C64-525A-48C3-8B77-5D7A6EB942D6,,,,,,LC,nicht gefährdet,,im Jura gefährdet
EEBC6748-500A-447D-AD75-FC12AEE710E8,,,,,,DD,ungenügende Datengrundlage,,erst 2002 beschrieben
EEFE469B-4B14-42A1-9EE5-AC63AE53BDE6,,,,,,LC,nicht gefährdet,,
EF87CEBD-421C-46FA-B803-E0E3AB320635,,,,R,rare,VU,verletzlich,D2,
EF892F3F-1932-4587-B956-FA930C53E68B,,,,,,EN,stark gefährdet,B1ab(iv)+2ab(iv),
EFC9EA91-4CAB-4618-8C41-3039C4550886,,,,,,VU,verletzlich,D2,"möglicherweise ausgestorben, einziger Fund 1921, Suche erfolglos"
EFD89AA3-452E-4C88-8C5F-5F7309EB0C63,,,,,,LC,nicht gefährdet,,
EFE7D95A-00D9-497A-BD0E-559AC347398D,,,,,,LC,nicht gefährdet,,
F00744FA-2F67-4354-90C7-2F5AB2C327E2,,,,,,VU,verletzlich,D2,
F01856BC-D188-4193-99BB-F7F7AC004BDD,,,,,,VU,verletzlich,D2,
F055100F-A2C5-42BF-9378-6A8B99F8B1A0,,,,,,LC,nicht gefährdet,,
F065A741-3722-43AB-8737-33CFE9E2DEC7,,,,,,LC,nicht gefährdet,,
F092685A-84D3-44D8-BC77-5EF96C90D770,,,,,,VU,verletzlich,D2,
F0FEE9DE-E3F3-4131-971F-208FB98F6AE7,,,,,,LC,nicht gefährdet,,
F10CDEB2-34DB-4BAA-966C-A4E0D7427B28,,,,,,LC,nicht gefährdet,,
F11E9DCB-E20F-4FAA-90E2-FBC5B5044306,,,,,,VU,verletzlich,D2,einziger Fund 1998
F1400F5D-795C-4F1C-A81F-C6A055E7CB02,,,,,,VU,verletzlich,D2,
F15FEDC8-F082-40A3-B423-C8C4A806A9E7,,,,,,LC,nicht gefährdet,,abhängig vom Moorschutz
F18D085D-B330-42FA-A4F0-15D6AB8FA8C5,,,,R,rare,VU,verletzlich,D2,einziger Fund 1990
F1A42D08-F4A8-48D2-9DBE-E7D4173C399E,,,,,,NE,nicht evaluiert,,
F1B8A58F-968D-4548-B054-1033C1F85FF5,,,,,,LC,nicht gefährdet,,
F1CD8A50-DDEA-48C5-A5CA-0CD77200B839,,,,,,LC,nicht gefährdet,,
F1DFBF1E-44F3-4EE2-9CAF-3B6A8E966920,,,,,,LC,nicht gefährdet,,
F2EC9ABB-A00D-4838-8DFF-AA2CDE2B366E,,,,,,LC,nicht gefährdet,,
F34125D1-B03C-4718-802D-D273D0E49EEE,,,,,,LC,nicht gefährdet,,
F35006E3-1063-4CCF-A698-32A741C1DA28,,,,,,LC,nicht gefährdet,,
F35A411F-A531-4747-A830-1A1F210BCBC7,,,,,,DD,ungenügende Datengrundlage,,Taxonomie unklar
F36A605E-0E8B-45D8-BB0A-435BBD24A473,,,,,,VU,verletzlich,D2,letzter Fund 1976
F391C920-2174-418D-BC32-176063B94610,,,,,,EN,stark gefährdet,B1ab(iv)+2ab(iv),abhängig vom Moorschutz
F3F06870-AECA-41F6-8548-45B4643D6F57,,,,K,insufficiently known,CR,vom Aussterben bedroht,B1ab(iv)+2ab(iv),"möglicherweise ausgestorben, letzter Fund erste Hälfte des 20 Jh."
F437D2DA-B2C8-43E2-AABE-BDC847C25A1B,,,,,,LC,nicht gefährdet,,
F43ED053-CFC3-47DA-BD4F-69812FBC30F3,,,,,,EN,stark gefährdet,A2b; B1ab(iv)+2ab(iv),abhängig vom Gewässerschutz
F4C9A724-FCF2-4A46-B5DF-AB0D3F1A6393,,,,,,LC,nicht gefährdet,,im Mittelland ausgestorben
F4DC8CAE-D8F9-42CE-B84B-FD1B1270F203,,,,,,DD,ungenügende Datengrundlage,,
F4E0D806-479E-440E-B527-59DD7FF2A4F1,,,,,,LC,nicht gefährdet,,
F4ECA617-E492-493F-8E07-4B4A276CECC0,,,,,,NT,potentiell gefährdet,D2,
F5415CBD-B100-4137-BE9C-9E765CE5A7C3,,,,,,VU,verletzlich,D2,
F5624CF3-5F89-4DA1-B94F-9B8606F99046,,,,,,VU,verletzlich,D2,
F57F4B8C-85C8-4D8E-9BE7-E4BBBFE968C0,,,,,,VU,verletzlich,A2b,"im Jura stärker gefährdet, letzter Fund dort 1903"
F5C864B6-AFDB-4FA6-AC3B-92F6B6F903A4,,,,,,NE,nicht evaluiert,,
F5CCD796-B678-4797-8B54-B6AC6F12403F,,,,R,rare,VU,verletzlich,D2,
F621AA02-3B8E-4A46-917B-FEC46DCFE45B,,,,,,LC,nicht gefährdet,,
F629C13A-E17B-4DE7-9856-2887CEF24653,,,,,,LC,nicht gefährdet,,
F65A6B43-80A8-4D3E-8E6E-5745DCA4D76A,,,,,,LC,nicht gefährdet,,
F6C847A5-52D7-49C0-808D-5126A9E522E3,,,,,,LC,nicht gefährdet,,
F6CCEE91-A403-43E0-8EC6-CA99970263D8,,,,,,VU,verletzlich,D2,
F6E4C516-1C7B-4DE2-8737-EA7020475F53,,,,,,NT,potentiell gefährdet,D2,
F6E9007A-0F4F-42DF-82B9-A5143261657C,,,,,,NT,potentiell gefährdet,D2,bisher nur im westlichen Teil der Schweiz gefunden
F6FD8C59-D76C-4127-B0A7-9FF1D3B4450B,,,,,,LC,nicht gefährdet,,
F72D42F5-4119-458F-B7B7-30A967B6EBD5,,,,,,NE,nicht evaluiert,,
F754484C-A658-466D-B560-7058817140D4,,,,,,LC,nicht gefährdet,,
F7745805-B2F3-4749-B1BA-E185D50740D1,,,,,,VU,verletzlich,D2,kommt nur in der Südschweiz vor
F7B66DAF-6920-4FBD-BB88-3D3FF2A0C8F1,,,,,,LC,nicht gefährdet,,
F7E37C87-B652-40E5-ABF6-3449F5051A45,,,,,,LC,nicht gefährdet,,
F8883B91-9999-4DBC-A13E-BCAB816F1C5D,,,,,,LC,nicht gefährdet,,
F88B465B-D47E-4485-B0BD-24FD4EBFAEAE,,,,,,LC,nicht gefährdet,,
F88CC6BD-635C-4DA2-A531-61FB3305EA35,,,,,,VU,verletzlich,D2,
F8A790AC-7559-4222-96F3-58EF3C2F6F2A,,,,V,vulnerable,EN,stark gefährdet,B1ab(iv)+2ab(iv),
F8BA2EBE-194D-433D-8457-6CC0CD60D62F,,,,,,CR,vom Aussterben bedroht,A2b; B1ab(iv)+2ab(iv),letzter Fund 1979
F8C2C2AD-4E6B-4F58-9D36-2306BAF528FC,,,,,,LC,nicht gefährdet,,
F99AFE33-8107-4D91-BC0C-6A0D107FB240,,,,,,LC,nicht gefährdet,,
FA1D27AA-6B73-4D65-A65E-C9A8D6DA66C0,,,,,,VU,verletzlich,D2,
FA315687-3D22-4048-B20C-79491AA7B823,,,,,,LC,nicht gefährdet,,
FA4188D2-1948-4C35-A89D-BEB7A8593465,,,,,,LC,nicht gefährdet,,
FABCA5F7-C34E-40F5-8EFD-0615DF644497,,,,E,endangered,RE,in der Schweiz ausgestorben,,"letzter Fund 1917, Nachsuche aller Populationen erfolglos"
FAF0123C-F33E-4389-B05E-9356962A7DD7,,,,,,LC,nicht gefährdet,,
FAF7BF10-5F16-41D0-816D-611AEB9CFC99,,,,,,VU,verletzlich,D2,"möglicherweise ausgestorben, einziger Fund um 1930, Nachsuche erfolglos"
FAFA0F4E-F67C-4317-A3B8-C270BF3B97DE,,,,V,vulnerable,CR,vom Aussterben bedroht,B2ab(iv),"möglicherweise ausgestorben, letzter Fund 1915, Nachsuche mehrerer Populationen erfolglos"
FB18B4CC-C22F-46DF-AC94-EB8FF0FD62BF,,,,,,NE,nicht evaluiert,,
FB56E552-252A-40CC-8B55-5F657EF2EB99,,,,,,LC,nicht gefährdet,,
FB5AF036-E6AB-49F6-9F19-489400A2353D,,,,,,LC,nicht gefährdet,,
FB8372BB-B287-44BC-9575-8F37B8693973,,,,,,NE,nicht evaluiert,,
FB9D6996-BD09-4B1A-9EFC-839ABA2C5E0A,,,,,,LC,nicht gefährdet,,
FBD8B029-D4B5-42D9-A497-E94F06C1FAA7,,,,,,LC,nicht gefährdet,,abhängig vom Moorschutz
FBF88A8F-7DBF-4955-AE93-4CB4C0CEA71A,,,,,,LC,nicht gefährdet,,
FBFAB15D-3628-4DB6-82E8-F26B6DF9BA81,,,,K,insufficiently known,DD,ungenügende Datengrundlage,,
FC18C650-DBBA-4FE4-B909-30EE7B80C91D,,,,,,DD,ungenügende Datengrundlage,,Vorkommen in der Schweiz unsicher
FC3E982A-1CAF-4123-B11C-1B33144E2D19,,,,,,VU,verletzlich,D2,abhängig vom Moorschutz
FC574AAC-BE8C-448B-B3B0-FC5F12933C17,,,,R,rare,VU,verletzlich,D2,
FC83014A-B11E-47A6-8597-1A0F8051F6F3,,,,,,LC,nicht gefährdet,,
FCBACE41-F6D7-41CE-A031-0C7A5AC89ED3,,,,,,LC,nicht gefährdet,,
FD127BC3-1483-46C3-82E0-799B7702F265,,,,,,LC,nicht gefährdet,,
FD2FFDB1-3A27-44E8-AAD3-5B71CDFC0237,,,,,,LC,nicht gefährdet,,abhängig vom Moorschutz
FD6F25D9-4CFB-4C74-99C6-3D7420B102B4,,,,,,LC,nicht gefährdet,,abhängig vom Moorschutz
FD7A9862-EF84-48BD-9E2C-F3E65ECDAFA3,,,,,,DD,ungenügende Datengrundlage,,
FD89BC12-19A7-4ED5-AE03-70DC4172360A,,,,,,VU,verletzlich,D2,abhängig vom Schutz der Trockenstandorte
FD8CA3CA-2EA9-46FA-8EE7-01091280F0C8,,,,,,LC,nicht gefährdet,,
FDA6427E-C366-4EC0-922F-C65F798F09A2,,,,,,NE,nicht evaluiert,,
FDBC3942-2673-427D-B52E-DB7949B02EEA,,,,,,LC,nicht gefährdet,,"wird erst seit kurzem unterschieden, scheint jedoch nicht selten"
FDD7A35B-07D7-4132-9775-FDEDDCC5DEB8,,,,K,insufficiently known,VU,verletzlich,D2,abhängig vom Schutz der Trockenstandorte
FDD8CBFD-AF2F-400F-9723-A067A4D604EB,,,,,,VU,verletzlich,D2,abhängig vom Schutz der Trockenstandorte
FE08950B-9BBE-41AF-80B0-253264E4F96C,,,,,,LC,nicht gefährdet,,
FE73DC7A-1520-47F5-B6EC-BBDBFE603204,,,,,,VU,verletzlich,A2b; D2,
FED0FDBE-283E-48FD-BFB9-E4E902611277,,,,,,LC,nicht gefährdet,,im Mittelland selten
FEF996CE-5A93-471D-BE03-29FAD327AAC6,,,,,,LC,nicht gefährdet,,
FFCABFB4-84CA-4CD8-A190-7DEDFE95B084,,,,R,rare,VU,verletzlich,D2,
