guid ausgelesen,Schweiz (codiert),Schweiz (uncodiert),Schweiz Kriterien,Remarques,Bemerkungen,Osservazioni
9CE95541-712B-48FF-853F-B417A390F104,LC,Nicht gefährdet,,,,
4CA74B8C-8834-4321-B8DB-055B0C202950,EN,Stark gefährdet,"B2a, B2b(iv)","Forêts, Milieux construits, Roches et éboulis","Wälder, Siedlungsgebiete, Felsen und Steinschutt","Boschi, ambienti edificati, rocce e ghiaioni"
D7F5A52B-592D-44D3-AE6E-6988580A6D68,LC,Nicht gefährdet,,,,
830EAD8F-E72A-448D-8DA3-09289E45E755,LC,Nicht gefährdet,,,,
5B9D75D7-347E-4A22-9073-AB6EC896DD8A,LC,Nicht gefährdet,,"Non-indigène au Nord des Alpes, 1843",Nicht-einheimisch auf der Alpennordseite seit 1843,"Non-indigena al nord delle Alpi,  dal 1843"
95545722-6AF5-43A6-865F-BD8AC166636E,EN,Stark gefährdet,"B2a, B2b(i, ii, iii, vi)",Etangs et zones alluviales des grands cours d’eau,Weiher und Auengebiete der grossen Fliessgewässer,Stagni e zone alluvionali di grandi corsi d'acqua
E76E1F03-3E66-4D9F-B13B-755638BC6D4D,LC,Nicht gefährdet,,,,
B3781986-DD81-4BAC-8C24-185A42FBF589,EN,Stark gefährdet,"B2a, B2b(iii, iv)",Zones alluviales des grands cours d’eau,Auengebiete der grossen Fliessgewässer,Zone alluvionali di grandi corsi d'acqua
2B4EE3D4-F9F9-44F9-8837-15608B903FA1,LC,Nicht gefährdet,,,,
815F96D2-282B-4CC1-9AB6-B5EB2C902883,EN,Stark gefährdet,"B2a, B2b(iii, iv)",Marais liés aux grands lacs et fleuves,Moore in Kontakt mit grossen Seen und Flüssen ,Paludi legate a grandi laghi e fiumi
13DCEF9E-795D-4A9E-9CDC-792EAB358EE2,EN,Stark gefährdet,"B2a, B2b(iii)",Rives des grands lacs et fleuves,Ufer der grossen Seen und Flüsse,Rive des grands laghi e fiumi
4F60EB34-B47B-4590-990E-4A15449455B7,LC,Nicht gefährdet,,,,
74B74BA0-74F8-4397-B424-F9574C167198,VU,Verletzlich,"B2a, B2b(iii,iv)","Sources, Tessin","Quellen, Tessin","Sorgenti, Ticino"
A1CF4251-551F-4D55-A6E7-0031FF2B63B0,NT,Potenziell gefährdet,,Sources et nappes souterraines,Quellen und unterirdische Grundwasser,Sorgenti e falde sotterranee
A333D066-C5A6-4BE4-A7CA-6A276DD9CA26,VU,Verletzlich,"B2a, B2b(iii, iv)","Sources et cours d’eau souterrains, endémique","Quellen und unterirdische Gewässer, endemisch","Sorgenti e corsi d'acqua sotterranei, endemismo"
B043E16D-435A-42D5-AA25-2415F72CF415,NT,Potenziell gefährdet,,Sources et cours d’eau souterrains,Quellen und unterirdische Gewässer,Sorgenti e corsi d'acqua sotterranei
0A026397-00C5-4D7A-8459-C9FEE735595D,NT,Potenziell gefährdet,,Sources et cours d’eau souterrains,Quellen und unterirdische Gewässer,Sorgenti e corsi d'acqua sotterranei
BF36A9DC-23B5-46B9-B760-732D0EFAF634,VU,Verletzlich,"B2a, B2b(iii,iv)",Sources et nappes souterraines,Quellen und unterirdische Grundwasser,Sorgenti e falde sotterranee
F7B45EC7-5991-436A-9B88-31B27A8A75D4,VU,Verletzlich,"B2a, B2b(iii,iv)","Sources et cours d’eau souterrains, endémique","Quellen und unterirdische Gewässer, endemisch","Sorgenti e corsi d'acqua sotterranei, endemismo"
9E407250-16F5-4CDD-A644-F803283B69F0,NT,Potenziell gefährdet,,Sources et cours d’eau souterrains,Quellen und unterirdische Gewässer,Sorgenti e corsi d'acqua sotterranei
437E6995-327A-45FE-9FF3-437002DF28FB,NE,Nicht beurteilt,,"Introduite, première mention Lac de Neuchâtel, 1998","Eingeführt, erste Fundmeldung Neuenburgersee, 1998","Introdotta, prima segnalazione nel Lago di Neuchâtel, 1998"
17F692E6-2C44-4899-8EF8-13D44FD666C2,RE,In der Schweiz ausgestorben,,"Zone littorale de plans d’eau, dernière mention 1957","Uferzone der Stehgewässer, letzter Nachweis 1957","Zone litorali di specchi d'acqua, ultima segnalazione nel 1957"
3BBD0D73-4C91-490C-A27B-B20B372089B3,VU,Verletzlich,"B2a, B2b(ii)","Ecotones, Forêts","Säume, Wälder","Ecotoni, boschi"
591BB624-D072-44EA-A55C-162BCDD73CF9,NE,Nicht beurteilt,,"Introduite, première mention Untersee, 1972","Eingeführt, erste Fundmeldung Untersee, 1972","Introdotta, prima segnalazione nell'Untersee, 1972"
78BA48DB-DDB0-4704-A876-1973D9795016,CR,Vom Aussterben bedroht,"B2a, B2b(iii, iv)","Cours d’eau, grands lacs",Steh- und Fliessgewässer,"Corsi d'acqua, grandi laghi"
C2368340-A376-4016-8A89-69E43CFBD36E,NE,Nicht beurteilt,,1 individu XIXe siècle Nyon; espèce ouest méditerranéenne,"1 Individuum bei Nyon, 19. Jht., west-mediterrane Art",1 individuo a Nyon nel XIX secolo; specie mediterranea occidentale
16B19F3A-207B-4DE9-8BFD-2A6420FA6643,LC,Nicht gefährdet,,,,
F629B4E3-00B7-4E4B-B8F6-949021D8D358,LC,Nicht gefährdet,,,,
9869E234-37A2-493E-A9A3-DFCFE0B77DCE,LC,Nicht gefährdet,,,,
2A4AD650-960B-40C3-BD84-0E7B4259794D,LC,Nicht gefährdet,,,,
782C3C24-15FA-4D4F-90D3-0096F30D2AD0,LC,Nicht gefährdet,,,,
055B2660-13CB-4DC1-970F-B22B2C97D7DB,LC,Nicht gefährdet,,,,
D8E97958-1E58-45CD-B23C-62B58ACA6A5F,EN,Stark gefährdet,"B2a, B2b(iv)",Forêts,Wälder,Boschi
F508BBA1-1CBE-4AB4-9521-4594040C54D7,LC,Nicht gefährdet,,,,
45BCC780-50F3-46CB-9F4E-3EC95021E384,LC,Nicht gefährdet,,Introduite sous le nom de A. leucostoma dans la BdD_CSCF,Eingeführt unter dem Namen A. leucostoma in DB_CSCF,Introdotta nella BD-CSCF con il nome di A. leucostoma
4D27C83C-AAEE-4751-B899-3FD48FA7A105,EN,Stark gefährdet,"B2a, B2b(i, ii, iii, iv)",Marais,Moore,Paludi 
48AF2F2D-FA2B-4F7A-9FE8-90023373CB3B,VU,Verletzlich,"B2a, B2b(iii)",Plans d’eau et marais,Stehgewässer und Moore,Specchi d'acqua e paludi 
D2F05235-29B9-4EDA-B81F-0E45A609EC47,EN,Stark gefährdet,"B2a, B2b(i, ii, iii, iv)",Plans d’eau riches en plantes aquatiques,Pflanzenreiche Stehgewässer,Specchi d'acqua ricchi di piante acquatiche
70E76DA9-B129-447E-A0BE-97D6DDB1CF6F,NT,Potenziell gefährdet,,Rives lacustres et marais,Seeufer und Moore,Rive lacustri e paludi 
51FA2D9B-44D8-40CC-9B20-01B95558C4D5,VU,Verletzlich,"B1,B2b2(ii)","Forêts, Milieux construits, Roches et éboulis","Wälder, Siedlungsgebiete, Felsen und Steinschutt","Boschi, ambienti edificati, rocce e ghiaioni"
D322E7C6-C796-4764-87F0-4AF51D52F8FC,LC,Nicht gefährdet,,,,
D2218C6C-7DD0-47A5-9FA5-C2940CD6605D,DD,Ungenügende Datengrundlage,,Souvent confondues; tout le matériel à revoir; pas retrouvée durant LR,Oft verwechselt; Gesamtbelege zu überprüfen; währen RL nicht gefunden,"Spesso confusa; I'insieme degli esemplari conservati è da revisionare, non è stata trovata nel corso della LR"
85793E86-1134-4F8F-8AE7-A54100A3AE2E,LC,Nicht gefährdet,,,,
99AF2430-7BC1-4030-99BE-65171F7869B9,DD,Ungenügende Datengrundlage,,Pas retrouvée; données insuffisantes pour statuer,Nicht wiedergefunden; ungenügende Funde für Evaluation,Non ritrovata; dati insufficienti per la valutazione dello status
24D540E6-750F-4D5E-8FE6-84A96328FF82,LC,Nicht gefährdet,,,,
C626C816-F0A9-4334-AB67-3C1EB10049CA,LC,Nicht gefährdet,,,,
ED43FEBF-073B-4CE4-AD2D-F357F4010629,VU,Verletzlich,"B2a, B2b(i-v)",Forêts,Wälder,Boschi
E8D1713E-D215-4D2B-852A-BBED8B274D81,NE,Nicht beurteilt,,Introduit,Eingeschleppt,Introdotta
72415FB0-E8AA-4D7B-B462-DCAE1469DCB8,VU,Verletzlich,B2b(iv),Forêts,Wälder,Boschi
54598D53-45AC-400F-9705-1D47EB15F243,LC,Nicht gefährdet,,,,
9E2A7752-2FEB-4125-9DCC-527D0F8A13E4,DD,Ungenügende Datengrundlage,,,,
D28B020E-161E-42CC-AABE-E853FAB9C8DC,VU,Verletzlich,"B2a, B2b(iv), B2c(iv)","Milieux construits, Roches et éboulis","Siedlungsgebiete, Felsen und Steinschutt","Ambienti edificati, rocce e ghiaioni"
6F54955A-F00D-48E6-AC16-6A7D017F57C2,LC,Nicht gefährdet,,,,
C329EF6A-70EB-459F-AC09-8FD06A64FF59,NE,Nicht beurteilt,,Introduit,Eingeschleppt,Introdotta
364C07F4-6DCE-490D-9880-C65CCCF5D394,CR,Vom Aussterben bedroht,B2b(iv),Forêts,Wälder,Boschi
416F04A2-F80B-4951-916D-1209A8BD4F13,VU,Verletzlich,B2b(iv),Prairies et pâturages,Wiesen und Weiden,Prati e pascoli
167D7AC5-0B79-4D10-891A-BE302E92DD11,LC,Nicht gefährdet,,,,
115868F8-8AE0-426E-833A-646BDB9A2625,LC,Nicht gefährdet,,,,
E9EBD501-B35C-4E1B-B20B-BFBA02F3A6B3,VU,Verletzlich,"B2a, B2b(iv)","Ecotones, Forêts, Roches et éboulis","Säume, Wälder, Felsen und Steinschutt","Ecotoni, boschi, rocce e ghiaioni"
FEE88A97-0519-4D16-85F3-0C2EDA708FBF,LC,Nicht gefährdet,,,,
4AB9FC05-DCA0-4507-8A36-AC181A34305C,CR,Vom Aussterben bedroht,"B2a, B2b(i, iii, iv)",Roches et éboulis,Felsen und Steinschutt,Rocce e ghiaioni
2D13140F-2D1D-4B21-96C1-FC0DB7DB81D4,LC,Nicht gefährdet,,,,
85F35B75-9227-4F5F-B9DF-D82DF377C971,LC,Nicht gefährdet,,,,
C53027BB-64CE-4834-8D2E-FF61D11993C7,LC,Nicht gefährdet,,,,
20716D96-730C-4377-AE0B-617AF8327B9A,NE,Nicht beurteilt,,Introduit,Eingeschleppt,Introdotta
A732036E-7F75-4C7B-9AC8-7F4188EFAACC,CR,Vom Aussterben bedroht,"B2a, B2b(iv)",Roches et éboulis,Felsen und Steinschutt,Rocce e ghiaioni
DC656C4D-B88B-4DDC-A3D1-FE2295636AD8,LC,Nicht gefährdet,,,,
5350BD9F-4AF5-4B8C-B453-7EDF77C76604,EN,Stark gefährdet,"B2a, C2a(i)",Forêts,Wälder,Boschi
C9FE864A-CCFE-47ED-A385-3C8D35BC0D17,EN,Stark gefährdet,"B2a, B2b(iv)","Forêts, Roches et éboulis","Wälder, Felsen und Steinschutt","Boschi, rocce e ghiaioni"
AD03DDA3-5FED-46F6-A802-BD767279933B,EN,Stark gefährdet,"B2a, B2b(i, ii, iii, iv)","Forêts, Roches et éboulis","Wälder, Felsen und Steinschutt","Boschi, rocce e ghiaioni"
8EB7CF3E-5F22-4521-9C21-29C25FBCB4CB,VU,Verletzlich,"B1, B2b(iv)","Milieux construits, Roches et éboulis","Siedlungsgebiete, Felsen und Steinschutt","Ambienti edificati, rocce e ghiaioni"
A4CBDF6F-7ED2-4AA1-9985-905336A80267,CR,Vom Aussterben bedroht,"B2a, B2b(iv)","Milieux construits, Roches et éboulis","Siedlungsgebiete, Felsen und Steinschutt","Ambienti edificati, rocce e ghiaioni"
0A393B40-086D-491A-9502-115B6BCE79C6,RE,In der Schweiz ausgestorben,"B2a, B2b(iv)",Roches et éboulis,Felsen und Steinschutt,Rocce e ghiaioni
3F18C005-9C47-48F8-965E-D750FDC5E28E,LC,Nicht gefährdet,,,,
F382ECE6-7986-4177-84DC-E33FDCA200F5,DD,Ungenügende Datengrundlage,,Limite d'aire; mentions suisses peu précises; pas retrouvée,Am Rande seines Verbreitungsareals; ungewisse Fundmeldungen CH; nicht wiedergefunden,Al limite dell'areale; segnalazioni in Svizzera poco precise; non ritrovata
FD9CBC61-E275-4501-B8C1-A63E31926033,LC,Nicht gefährdet,,,,
5CF0FB80-B824-4F49-A99B-67DF05C43687,EN,Stark gefährdet,"B2a, B2b(iii)","Milieux construits, Roches et éboulis","Siedlungsgebiete, Felsen und Steinschutt","Ambienti edificati, rocce e ghiaioni"
83D4A374-A9FD-49F6-BE58-F1650667E95F,CR,Vom Aussterben bedroht,"B2a, B2b(i, iii, iv)",Roches et éboulis,Felsen und Steinschutt,Rocce e ghiaioni
9C2FD749-04D2-4389-A4D0-1B2E6AD9C5FC,EN,Stark gefährdet,"B2a, B2b(iv)",Prairies et pâturages,Wiesen und Weiden,Prati e pascoli
7F25706D-9BA8-4A06-BE61-393120601443,NT,Potenziell gefährdet,B2,"Forêts, Milieux construits, Roches et éboulis","Wälder, Siedlungsgebiete, Felsen und Steinschutt","Boschi, ambienti edificati, rocce e ghiaioni"
16C9CCB5-EC58-46B6-AFDF-DD017C07D3FF,NT,Potenziell gefährdet,B2,Forêts,Wälder,Boschi
4B42B278-9C43-40E4-9EC4-22F0839C1596,LC,Nicht gefährdet,,,,
94AF2199-0F02-4B44-A31A-6F2AFFB6A6E0,LC,Nicht gefährdet,,,,
74565C78-4C7C-4312-B793-F0397F469397,LC,Nicht gefährdet,,,,
741D820D-EC7D-4BC2-9FAF-9F5E88190484,LC,Nicht gefährdet,,,,
3BAA5D7F-CA45-4601-8AF7-840AED3FC262,LC,Nicht gefährdet,,,,
3E2DAFAC-5BBC-4ED0-BB98-67AD1724A114,CR,Vom Aussterben bedroht,"B2b(iii, iv)","Forêts, Rives et milieux humides","Wälder, Ufer und Feuchtgebiete","Boschi, rive e ambienti umidi"
72A96599-CA74-44A1-A0DC-83545957ACF1,NE,Nicht beurteilt,,5 mentions; statut taxinomique incertain,5 Fundmeldungen; Taxon ungewiss,5 segnalazioni; status tassonomico incerto
7ACA2B62-DFD2-4A37-9418-1B476EF8F072,EN,Stark gefährdet,"B2a, B2b(iv)","Forêts, Roches et éboulis","Wälder, Felsen und Steinschutt","Boschi, rocce e ghiaioni"
38687BEE-43B5-4901-B6AF-A423EE172EF3,LC,Nicht gefährdet,,,,
74EC1D7F-E5AE-482B-9C7E-A9BF394E77C3,LC,Nicht gefährdet,,,,
7D2BDC48-979D-4758-815F-EB5CCDFDB62F,EN,Stark gefährdet,"B2a, B2b(iv)","Forêts, Roches et éboulis","Wälder, Felsen und Steinschutt","Boschi, rocce e ghiaioni"
4E48F6F4-76A8-41AC-8C64-70051E3787E2,DD,Ungenügende Datengrundlage,,Découverte 1993; données insuffisantes pour statuer,Entdeckt 1993; ungenügende Datengrundlage für Evaluation,Scoperta nel 1993; dati insufficienti per la valutazione dello status
8FF63331-1558-42E5-A622-9AFE27C7293F,LC,Nicht gefährdet,,,,
B3515B59-8106-40CF-A68B-8EDBB12CF75D,LC,Nicht gefährdet,,,,
E7CC86D5-9F36-46E4-B1B4-A51632425F36,LC,Nicht gefährdet,,,,
E2671052-1108-4A72-A070-6DB556E72CBE,EN,Stark gefährdet,"B2a, B2b(iv)",Forêts,Wälder,Boschi
71319B1F-D12E-435E-9C1C-C0001F64656B,VU,Verletzlich,"B1, B2a",Forêts,Wälder,Boschi
153D9B8F-CCF7-484D-A80A-1A7214EB01FA,NE,Nicht beurteilt,,2 sites près de Ramosch; origine méditerranéenne,2 Funde bei Ramosch; mediterranen Ursprungs,in 2 luoghi presso Ramosch; origine mediterranea
1364AD2E-4471-484C-8077-2FB788F41CDC,LC,Nicht gefährdet,,,,
A90973B0-284B-445F-8ED4-C6B0AC0D812D,NE,Nicht beurteilt,,Introduit,Eingeschleppt,Introdotta
A3A026BA-0E59-4598-A654-138370996A9E,NT,Potenziell gefährdet,B2,"Forêts, Rives et milieux humides","Wälder, Ufer und Feuchtgebiete","Boschi, rive e ambienti umidi"
CFA07EED-4444-4339-A82B-3F77266194EB,NE,Nicht beurteilt,,Introduit,Eingeschleppt,Introdotta
87825807-8BFF-4C44-94F2-2F26E0BDEEF2,LC,Nicht gefährdet,,,,
B96092C1-1635-40F7-8626-2C739CFEA760,NE,Nicht beurteilt,,Introduit?,Eingeschleppt?,Introdotta?
FE5BAFD7-3BE7-4863-83C6-A6A0150C4ED6,LC,Nicht gefährdet,,,,
A8344A84-8AEC-4F2F-BA26-D1C30171FF79,LC,Nicht gefährdet,,,,
5A6B8C69-FC13-4AA4-8B2D-5E79028E8D30,VU,Verletzlich,"B1b(i, ii), B2b(i, ii)",Forêts,Wälder,Boschi
7EC55AB6-4913-4F47-A77B-43ECDECA122D,LC,Nicht gefährdet,,,,
58C3FF9E-5996-4816-965D-0A7AEDA35C60,LC,Nicht gefährdet,,,,
C61601E7-6DCA-4A7F-86FA-7A3FC6E512B3,VU,Verletzlich,"B2a, B2b(iv)",Roches et éboulis,Felsen und Steinschutt,Rocce e ghiaioni
96FF6CCE-120B-48C5-B59A-BD63390C9504,VU,Verletzlich,"B2a, B2b(iv)",Roches et éboulis,Felsen und Steinschutt,Rocce e ghiaioni
31BFE1F4-3134-4BB7-9E45-366713C08E8B,EN,Stark gefährdet,"B2a, B2b(iv)",Roches et éboulis,Felsen und Steinschutt,Rocce e ghiaioni
FB4E3E49-4886-4C2D-9FFB-97790B4CBF01,LC,Nicht gefährdet,,,,
3D488933-CBFB-47C6-A82D-63FFF64F2929,NT,Potenziell gefährdet,B2,Rives et milieux humides,Ufer und Feuchtgebiete,Rive e ambienti umidi
5CC8CA06-24F0-490C-8160-A02BECD43705,DD,Ungenügende Datengrundlage,,Statut taxinomique peu clair,Taxonomische Unsicherheit,Status tassonomico poco chiaro
3BD66F41-9B0F-4FC8-B333-1EC3A2F9B4FD,NT,Potenziell gefährdet,"B2a, B2b(iii)","Forêts, Milieux construits, Prairies et pâturages, Roches et éboulis","Wälder, Siedlungsgebiete, Wiesen und Weiden, Felsen und Steinschutt","Boschi, ambienti edificati, prati e pascoli, rocce e ghiaioni"
1CB71477-C254-403D-BAC9-01BF79DB7DBE,NE,Nicht beurteilt,,"Introduite, première mention Lago di Muzzano, 1957","Eingeführt, erste Fundmeldung Lago di Muzzano, 1957","Introdotta, prima segnalazione ne Lago di Muzzano, 1957"
F1871F30-1BDB-4BB8-8664-2CD1DCAF59BC,NE,Nicht beurteilt,,1 individu XIXe siècle Lugano; espèce ouest méditerranéenne,"1 Individuum bei Lugano 19. Jht., west-mediterrane Art",1 individuo a Lugano nel XIX secolo; specie mediterranea occidentale
1FE9DACF-FCCF-4C48-A46B-42AD082CB565,LC,Nicht gefährdet,,,,
A364B365-4BC6-483E-98F1-FE03CEBF8354,LC,Nicht gefährdet,,,,
8EC3EA02-721D-4B0C-9B51-FD3AE660C574,VU,Verletzlich,"B2a, B2b(iii)","Prairies et pâturages, Roches et éboulis","Wiesen und Weiden, Felsen und Steinschutt","Prati e pascoli, rocce e ghiaioni"
1895CB6B-039A-4869-909A-CF6557F71DBF,EN,Stark gefährdet,"B2a, B2b(iii)","Milieux construits, Prairies et pâturages, Roches et éboulis","Siedlungsgebiete, Wiesen und Weiden, Felsen und Steinschutt","Ambienti edificati, prati e pascoli, rocce e ghiaioni"
64924A52-4074-4F71-9E8C-6B1D4C91C9B0,EN,Stark gefährdet,"B2a, B2b(iii)","Roches et éboulis, Milieux construits, Prairies et pâturages","Felsen und Steinschutt, Siedlungsgebiete, Wiesen und Weiden","Rocce e ghiaioni, ambienti edificati, prati e pascoli"
467A2164-E728-4D04-B43F-0D3314121BEB,EN,Stark gefährdet,"B2a, B2b(iv)","Prairies et pâturages, Roches et éboulis","Wiesen und Weiden, Felsen und Steinschutt","Prati e pascoli, rocce e ghiaioni"
AFC3F4B5-D03C-46D6-AFCE-351514163477,EN,Stark gefährdet,"B2a, B2b(iii, iv)",Fonds graveleux des lacs et fleuves,Kiesiger Grund der Seen und grossen Fliessgewässer,Fondali ghiaiosi di laghi e fiumi
6DC34ADF-E973-42E1-A394-B8374352E3DD,LC,Nicht gefährdet,,,,
3E3EAA98-FD91-4EFE-8938-45875914337E,NT,Potenziell gefährdet,,"Lacs, petits plans d’eau et marais","Seen, kleine Stehgewässer und Moore","Laghi, piccoli specchi d'acqua e paludi "
62C7E64E-993E-4C51-901B-7A01D84157B3,VU,Verletzlich,"B2a, B2b(i,ii,iii,ivi)",Lacs et petits plans d’eau,Steh- und Fliessgewässer,Laghi e piccoli specchi d'acqua
16F52C92-F271-42B9-B907-0C162F7140CE,NE,Nicht beurteilt,,"Introduite, première mention Léman, 1992","Eingeführt, erste Fundmeldung Genfersee, 1992","Introdotta, prima segnalazione nel Lemano, 1992"
3CC4BBC4-8EE9-4824-83C0-3C5E2D4D01D5,NE,Nicht beurteilt,,"Introduite, première mention Genève, 1910","Eingeführt, erste Fundmeldung Genfersee, 1910","Introdotta, prima segnalazione a Ginevra, 1910"
0C16C1A4-6249-4D35-BDE5-9498171C92E2,NE,Nicht beurteilt,,"Introduite, première mention Léman, 1991","Eingeführt, erste Fundmeldung Genfersee, 1991","Introdotta, prima segnalazione nel Lemano, 1991"
16C3CC1E-66B7-4901-B108-B7BBCDBF3996,NT,Potenziell gefährdet,B2,"Milieux construits, Prairies et pâturages","Siedlungsgebiete, Wiesen und Weiden","Ambienti edificati, prati e pascoli"
FC4AF96B-B913-418E-92D2-0B9436BA4074,LC,Nicht gefährdet,,,,
64AA0C77-3BB8-4F2F-8374-49A6D8F05A68,NT,Potenziell gefährdet,B2b(iii),"Forêts, Roches et éboulis","Wälder, Felsen und Steinschutt","Boschi, rocce e ghiaioni"
A77DE412-0F07-4011-A21C-8B42EDBAC6CD,LC,Nicht gefährdet,,,,
65764882-A6C1-4F20-A9DE-EA3D3B2A0F5A,NE,Nicht beurteilt,,Introduit,Eingeschleppt,Introdotta
DF21479B-7075-4312-B3E6-D42B2B0267BD,LC,Nicht gefährdet,,,,
A6E96146-AA98-4709-A796-F13CF180F300,LC,Nicht gefährdet,,,,
2CFB0F3A-FEC3-4D3D-82E9-FB3B5CB6F931,LC,Nicht gefährdet,,,,
2F8FCB00-E527-42F4-8021-63A8A8628CA2,NT,Potenziell gefährdet,B2b(iii),Forêts,Wälder,Boschi
70AB1CBF-BE48-4BA2-9D57-DA589FBC546C,VU,Verletzlich,"B2a, B2b(ii, iii, iv)","Prairies et pâturages, Roches et éboulis","Wiesen und Weiden, Felsen und Steinschutt","Prati e pascoli, rocce e ghiaioni"
80117901-F3EE-490B-8FEC-9A04FEB35CEA,NT,Potenziell gefährdet,B2b(iii),"Forêts, Milieux construits, Roches et éboulis","Wälder, Siedlungsgebiete, Felsen und Steinschutt","Boschi, ambienti edificati, rocce e ghiaioni"
EF55A20B-5D23-408C-9E63-8C5E217FB160,EN,Stark gefährdet,"B2a, B2b(ii)","Milieux construits, Roches et éboulis","Siedlungsgebiete, Felsen und Steinschutt","Ambienti edificati, rocce e ghiaioni"
A9B662B0-D6F5-4D38-9BC5-8B654E22F42E,EN,Stark gefährdet,"B2a, B2b(ii)","Milieux construits, Roches et éboulis","Siedlungsgebiete, Felsen und Steinschutt","Ambienti edificati, rocce e ghiaioni"
87B08E85-ABE2-44E0-BCAC-33E6F26C7E0B,LC,Nicht gefährdet,,,,
BAF66846-4F5B-4874-A9AE-C095BDFAC344,VU,Verletzlich,"B2a, B2b(iii)",Forêts,Wälder,Boschi
BBDD6C09-C754-46B2-B8AF-08B22EE7C944,NE,Nicht beurteilt,,1 individu 1918 Wädenswil; origine péninsule ibérique,1 Individuum 1918 Wädenswil; Ursprung auf der iberischen Halbinsel,1 individuo a Wädenswil nel 1918; origine penisola iberica
D239E06E-FBAD-410D-9AC1-FD3F717307CB,CR,Vom Aussterben bedroht,"B2a, B2b(i, iii, iv)",Milieux construits,Siedlungsgebiete,Ambienti edificati
EFFAD7BE-20DE-49A7-BA58-AD6049AE8AC4,NE,Nicht beurteilt,,Statut taxinomique peu clair,Taxonomische Unsicherheit,Status tassonomico poco chiaro
168EACD2-6020-4CAB-B7F9-DF4AE5BE2431,LC,Nicht gefährdet,,Statut taxinomique peu clair,Taxonomische Unsicherheit,Status tassonomico poco chiaro
0213E76A-8C2E-4E2C-96F4-291EE473C055,LC,Nicht gefährdet,,,,
C6DF0C4E-D994-4A08-A886-321B7E9F63D3,NE,Nicht beurteilt,,Statut taxinomique peu clair,Taxonomische Unsicherheit,Status tassonomico poco chiaro
DEFA145C-C310-46C2-A7DD-F325D4B4D69B,LC,Nicht gefährdet,,,,
9C458061-DC69-42B2-BAAD-3BE1C4A7A4D4,NE,Nicht beurteilt,,Statut taxinomique peu clair,Taxonomische Unsicherheit,Status tassonomico poco chiaro
8E5AF6AE-B3E6-4439-99A9-5E816EA218F3,NE,Nicht beurteilt,,Statut taxinomique peu clair,Taxonomische Unsicherheit,Status tassonomico poco chiaro
D56120C2-45C4-4654-B964-C51CB8DAB43E,DD,Ungenügende Datengrundlage,,Espèce du sol; pas assez de données pour statuer; statut taxinomique peu clair,"Im Boden lebende Art, aber taxonomisch unklar; ungenügende Datengrundlage",Specie del suolo; dati insufficienti per la valutazione dello status; status tassonomico poco chiaro
3A8AFDC2-282D-43C9-AD0D-F03D05C0B01D,NE,Nicht beurteilt,,Introduit,Eingeschleppt,Introdotta
30B23C80-0099-4BE3-9052-33D3519B9F76,LC,Nicht gefährdet,,,,
E74F3417-3B9B-4C41-8532-9955D13EE6A5,LC,Nicht gefährdet,,,,
D8AD85B1-302A-444A-8992-C4EBFF5FAB60,LC,Nicht gefährdet,,,,
BBD2AA4B-53D4-4C00-A5F6-62DEFA1B7146,LC,Nicht gefährdet,,,,
8684D652-FCB3-40F6-8244-110327FF81A3,LC,Nicht gefährdet,,,,
94B475EB-9B8F-4771-AEDB-12CF9348C3A8,CR,Vom Aussterben bedroht,"B2a, B2b(i, iii, iv)",Forêts,Wälder,Boschi
6D08A848-32C9-4F17-AEC6-6C8E02D6A922,NT,Potenziell gefährdet,"B2a, B2b(iv)","Ecotones, Forêts, Prairies et pâturages","Säume, Wälder, Wiesen und Weiden","Ecotoni, boschi, prati e pascoli"
0566CA87-C1C2-48E1-A99F-873E14C7783A,LC,Nicht gefährdet,,,,
D1A65588-AC83-4A24-B611-2B197B4EC74A,NE,Nicht beurteilt,,Introduit,Eingeschleppt,Introdotta
58D462EB-7EA8-4B2E-A383-B0D869FBBDCE,LC,Nicht gefährdet,,,,
1FE52662-B794-4E38-BBA1-4F9AD1A27755,LC,Nicht gefährdet,,,,
3499247E-9654-40C8-B528-95C5DAFC2606,NT,Potenziell gefährdet,B2b(ii),Forêts,Wälder,Boschi
55FD15A7-04F7-4746-B1D0-C163278F0599,NT,Potenziell gefährdet,"B2a, B2b(iii)","Forêts, Roches et éboulis","Wälder, Felsen und Steinschutt","Boschi, rocce e ghiaioni"
ACEECC39-DE0D-4C62-B8A3-A18D142F416F,NT,Potenziell gefährdet,B2,"Forêts, Roches et éboulis","Wälder, Felsen und Steinschutt","Boschi, rocce e ghiaioni"
D5E823D1-4FA6-42E8-9CA8-568F1C1D917A,LC,Nicht gefährdet,,,,
4F58A7C2-7EA0-4C3F-8AF6-6774C49644A9,LC,Nicht gefährdet,,,,
C4930914-65C8-4571-9B89-AC127B3FA56B,EN,Stark gefährdet,"B2a, B2b(iv)","Prairies et pâturages, Roches et éboulis","Wiesen und Weiden, Felsen und Steinschutt","Prati e pascoli, rocce e ghiaioni"
EDF14797-5290-4C07-AE3C-DC2229C0C82D,NT,Potenziell gefährdet,"B2a, B2b(iii)","Forêts, Roches et éboulis","Wälder, Felsen und Steinschutt","Boschi, rocce e ghiaioni"
15DE5502-A441-4C05-84DE-6929A4FE0599,NT,Potenziell gefährdet,B2b(iv),Forêts,Wälder,Boschi
DCD6DC2C-9887-4795-ADFC-E0C656D8949A,LC,Nicht gefährdet,,,,
744C9E18-D56E-4389-9484-197278848C1C,CR,Vom Aussterben bedroht,"B2a, B2b(i, iii, iv)",Forêts,Wälder,Boschi
06BFF01F-8212-4D8B-96B8-4E952CBF0B08,LC,Nicht gefährdet,,,,
7EF2912D-B6B0-49FC-92B3-E46357E06FDE,VU,Verletzlich,"B1, B2b(iv)","Forêts, Milieux construits, Roches et éboulis","Wälder, Siedlungsgebiete, Felsen und Steinschutt","Boschi, ambienti edificati, rocce e ghiaioni"
ED11DF9C-B2B1-4A56-B6F6-BC9F5A14B63F,LC,Nicht gefährdet,,,,
BE098A11-BB20-4AF8-B8BF-00D38D9885A6,NT,Potenziell gefährdet,"B2a, B2b(iv)",Rives et milieux humides,Ufer und Feuchtgebiete,Rive e ambienti umidi
68B93D5B-6288-4B6D-B170-8A5E91B89DA8,EN,Stark gefährdet,"B1, B2b(iii)","Forêts, Milieux construits, Roches et éboulis","Wälder, Siedlungsgebiete, Felsen und Steinschutt","Boschi, ambienti edificati, rocce e ghiaioni"
0A389E22-D122-4220-B98F-E9AF0CE0D2C9,NE,Nicht beurteilt,,introduit; problème taxinomique,Eingeschleppt; taxonomisch problematisch,Introdotta; problema tassonomico
CED10164-3F78-4A92-B01B-3B0FCA623047,LC,Nicht gefährdet,,,,
F367B464-FFE5-45BD-B232-3E922B0516F3,NT,Potenziell gefährdet,B2a,"Forêts, Roches et éboulis","Wälder, Felsen und Steinschutt","Boschi, rocce e ghiaioni"
33C652C3-DAC9-4C88-AA95-758008D940A6,EN,Stark gefährdet,"B2a, B2b(iv)",Forêts,Wälder,Boschi
221DB02F-7483-438B-AB2E-157D07B11622,VU,Verletzlich,"B2a, B2b(iii)","Eaux froides des lacs, rivières et sources","Kaltgewässer der Seen, Fliessgewässer und Quellen","Acque fredde di laghi, fiumi e sorgenti"
9C36B050-D12E-4FAC-9864-0010BD12F82B,LC,Nicht gefährdet,,,,
2F962AB8-7829-434C-AABC-5C8B9035B9B6,LC,Nicht gefährdet,,,,
FB89A9F0-9970-459A-8E77-203D61339D80,LC,Nicht gefährdet,,,,
32F0D82A-D7A4-468D-8261-BDF972DE1C3E,LC,Nicht gefährdet,,,,
CBD73DAA-025F-4D75-858A-EC5552844D03,EN,Stark gefährdet,"B2a, B2b(iv)","Prairies et pâturages, Rives et milieux humides, Roches et éboulis","Wiesen und Weiden, Ufer und Feuchtgebiete, Felsen und Steinschutt","Prati e pascoli, rive e ambienti umidi, rocce e ghiaioni"
3E5A15BD-E5C9-432E-A817-57B9BC645D31,CR,Vom Aussterben bedroht,"B2a, B2b(iv)","Milieux construits, Prairies et pâturages, Roches et éboulis","Siedlungsgebiete, Wiesen und Weiden, Felsen und Steinschutt","Ambienti edificati, prati e pascoli, rocce e ghiaioni"
2BE3B5FC-F5D2-4AB6-A771-B69CB3F2DD45,LC,Nicht gefährdet,,,,
F7856210-9DE7-4313-BD6A-ECA6E3F32458,NT,Potenziell gefährdet,"B2a, B2b(iv)","Prairies et pâturages, Roches et éboulis","Wiesen und Weiden, Felsen und Steinschutt","Prati e pascoli, rocce e ghiaioni"
2985FDA9-7E38-49F0-A96F-51473AB60416,NT,Potenziell gefährdet,B2a,"Prairies et pâturages, Roches et éboulis","Wiesen und Weiden, Felsen und Steinschutt","Prati e pascoli, rocce e ghiaioni"
29D9F103-1D0D-4116-BEC7-20CF70B2A886,LC,Nicht gefährdet,,,,
6D058FED-7A2B-4805-AB7C-B24EFF22D691,EN,Stark gefährdet,"B2a, B2b(iv)",Rives et milieux humides,Ufer und Feuchtgebiete,Rive e ambienti umidi
0CFAF8B1-EACF-4F9D-A56C-B779ADFF36A0,VU,Verletzlich,"B2a, B2b(iii)",Rives protégées des lacs et des fleuves,Geschützte See- und Flussufer,Rive protette di laghi e fiumi
07508B7B-67CD-49AE-A960-47B32DBEB36B,LC,Nicht gefährdet,,,,
FE41BA54-B6FD-4F88-805F-5EEE8A38F59B,LC,Nicht gefährdet,,,,
B8EF59B4-0002-4006-86CB-7B7BFCF0C391,LC,Nicht gefährdet,,,,
E8059E0D-2035-43C3-99A7-873E2C889C36,NT,Potenziell gefährdet,B2,"Forêts, Roches et éboulis","Wälder, Felsen und Steinschutt","Boschi, rocce e ghiaioni"
3D499305-EC51-49DF-8F5B-F6082F355807,EN,Stark gefährdet,"B2a, B2b(i, iii, iv)",Forêts,Wälder,Boschi
C44D5D6F-FD60-448F-949D-4BFCDA1EE774,VU,Verletzlich,"B2a, B2b(iii)",Rives lacustres et marais et fossés à vase organiques,Seeufer und Moore und Gräben mit organischem Schlamm,"Rive lacustri, paludi e fossati con limo organico"
13C75119-9764-442D-937E-21C41E585B01,VU,Verletzlich,"B2a, B2b(iv)",Forêts,Wälder,Boschi
F4C72526-D169-4670-8ECD-2C3E428196C0,EN,Stark gefährdet,"B2a, B2b(iv)",Forêts,Wälder,Boschi
8DC34594-5CEC-4C70-B3F6-A249603CC6F2,CR,Vom Aussterben bedroht,B2a,"Milieux construits, Roches et éboulis","Siedlungsgebiete, Felsen und Steinschutt","Ambienti edificati, rocce e ghiaioni"
FD895AB7-76A1-4335-8160-4458920C121B,VU,Verletzlich,"B2a, B2b(ii)","Forêts, Milieux construits, Roches et éboulis","Wälder, Siedlungsgebiete, Felsen und Steinschutt","Boschi, ambienti edificati, rocce e ghiaioni"
6051E822-4875-481B-B38F-473F22C67616,DD,Ungenügende Datengrundlage,,Aggrégat d'espèces contenant S.fuscus et autres,Arten-Aggregat mit S.fuscus,Aggregato di specie comprendente tra le altre S. fuscus
FA4914A5-F8C6-4F87-AAC8-0771DC41B79A,LC,Nicht gefährdet,,,,
2A774C69-7B18-457F-975F-2981809954A9,LC,Nicht gefährdet,,,,
6DE93222-5DA3-4E1B-9DB4-E42351FF74C3,NE,Nicht beurteilt,,Introduit,Eingeschleppt,Introdotta
6FBA9324-F019-45B2-9D7A-A181A788B57B,CR,Vom Aussterben bedroht,"B2a, B2c(v)",Forêts,Wälder,Boschi
F3561380-E810-472D-9FF9-39F668A56EC6,NT,Potenziell gefährdet,B2a,"Forêts, Milieux construits, Roches et éboulis","Wälder, Siedlungsgebiete, Felsen und Steinschutt","Boschi, ambienti edificati, rocce e ghiaioni"
D7568C61-68FA-49F8-B08C-0A0102184B50,DD,Ungenügende Datengrundlage,,2 mentions; probablement introduit au Tessin,2 Fundmeldungen; vermutlich im TI eingeschleppt,2 segnalazioni; probabilmente introdotta in Ticino
354D9A5E-3E64-4EE2-9DCC-767B7B652135,DD,Ungenügende Datengrundlage,,Pas assez de données pour statuer; statut taxinomique peu clair,Ungenügende Datengrundlage; taxonomisch unsicher,Dati insufficienti per la valutazione dello status; status tassonomico poco chiaro
EBEA71DF-BA7C-47A4-B2D8-49BA7E558C29,VU,Verletzlich,"B2a, B2b(iii), C2a","Prairies et pâturages, Roches et éboulis","Wiesen und Weiden, Felsen und Steinschutt","Prati e pascoli, rocce e ghiaioni"
93A87161-55D8-4683-ACED-89CFD47FA23D,VU,Verletzlich,"B2a, C2a(i)",Roches et éboulis,Felsen und Steinschutt,Rocce e ghiaioni
47E29242-1AF8-4CFB-A34B-07EE74A07BF1,LC,Nicht gefährdet,,,,
EC60E0BE-E19C-40A1-B573-5A20C84770D2,NT,Potenziell gefährdet,"B2a, B2b(iv)","Forêts, Prairies et pâturages, Roches et éboulis, Ecotones","Wälder, Wiesen und Weiden, Felsen und Steinschutt, Säume","Boschi, prati e pascoli, rocce e ghiaioni, ecotoni"
A75ADD4D-6E9C-4DAD-BA44-19F2F1CA3261,NT,Potenziell gefährdet,B2,"Forêts, Roches et éboulis","Wälder, Felsen und Steinschutt","Boschi, rocce e ghiaioni"
9C6044F0-8105-4F25-B229-9C576085F017,DD,Ungenügende Datengrundlage,,Endémique local; ne peut être déterminé que par génétique,"Lokalendemit, der nur aufgrund genetischer Analyse bestimmt werden kann",Endemismo locale; può essere determinata solo attraverso un'analisi genetica
05118507-26A6-47DC-BA93-8F79D778772D,LC,Nicht gefährdet,,,,
B4D69A7C-A25C-4EEB-8777-880519ADC9B8,NT,Potenziell gefährdet,"B2a, B2b(iv)",Forêts,Wälder,Boschi
E961A79F-1253-4B92-919B-2A8E55768F20,LC,Nicht gefährdet,,,,
0E78CB07-0215-48C5-A7D8-5B9F42C36244,NT,Potenziell gefährdet,B2a,"Milieux construits, Prairies et pâturages, Roches et éboulis","Siedlungsgebiete, Wiesen und Weiden, Felsen und Steinschutt","Ambienti edificati, prati e pascoli, rocce e ghiaioni"
BD455DA3-033F-4482-A571-08CA07526521,EN,Stark gefährdet,"B2a, B2b(iv)",Prairies et pâturages,Wiesen und Weiden,Prati e pascoli
8C986976-A261-4868-8E3B-EB56EF17632E,LC,Nicht gefährdet,,,,
31FA0A1C-6DAD-4B30-AB42-7890F700DB14,VU,Verletzlich,"B2a, B2b(iv)","Prairies et pâturages, Roches et éboulis","Wiesen und Weiden, Felsen und Steinschutt","Prati e pascoli, rocce e ghiaioni"
4A7BAAD9-C970-4189-9998-1CA8147B5D46,LC,Nicht gefährdet,,,,
791152FD-EFFC-4A12-AD19-6038FED55718,CR,Vom Aussterben bedroht,"B2a, B2b(i, iii, iv)",Prairies et pâturages,Wiesen und Weiden,Prati e pascoli
8C190BD0-A621-45DD-87B0-BA475B84479F,EN,Stark gefährdet,"B2a, B2b(iv)","Prairies et pâturages, Rives et milieux humides","Wiesen und Weiden, Ufer und Feuchtgebiete","Prati e pascoli, rive e ambienti umidi"
322EBFF4-2A17-4230-82F1-245EFFE24FC2,LC,Nicht gefährdet,,,,
7C9842D0-5326-404E-875B-38A8C5390BF8,LC,Nicht gefährdet,,,,
703A6BB6-1EC8-4E6B-B690-E0CC363F03B8,NT,Potenziell gefährdet,"B2a, B2b(iv)","Forêts, Prairies et pâturages, Roches et éboulis","Wälder, Wiesen und Weiden, Felsen und Steinschutt","Boschi, prati e pascoli, rocce e ghiaioni"
D6CB13C7-477D-450E-9798-54C24293D37C,EN,Stark gefährdet,"B2a, B2b(iv)","Forêts, Rives et milieux humides","Wälder, Ufer und Feuchtgebiete","Boschi, rive e ambienti umidi"
1474DBEF-5A12-4F59-B6B1-C0E412513B43,VU,Verletzlich,"B2a, B2b(iii)",Rives et milieux humides,Ufer und Feuchtgebiete,Rive e ambienti umidi
BBFA53AD-A3B0-476D-B224-25543F6BC374,EN,Stark gefährdet,"B2a, B2b(i, ii, iii, iv, v)",Rives et milieux humides,Ufer und Feuchtgebiete,Rive e ambienti umidi
3E378315-6F4D-41C1-B10A-EAA0E0A30DCD,CR,Vom Aussterben bedroht,"B2a, B2b(iii)","Forêts, Rives et milieux humides","Wälder, Ufer und Feuchtgebiete","Boschi, rive e ambienti umidi"
AD1A2619-36E3-43B3-A4B9-DF8E334C286A,DD,Ungenügende Datengrundlage,,2 sites suisses avec coquille vide (déchet de crue),2 Standorte in CH mit leeren Schalen (durch Hochwasser freigelegt),2 luoghi in Svizzera con gusci vuoti (depositi alluvionali)
BADA80BF-FEBA-4009-B47A-96D508DC5665,CR,Vom Aussterben bedroht,"B2a, B2b(i, iii, iv)",Rives et milieux humides,Ufer und Feuchtgebiete,Rive e ambienti umidi
532B5FD6-DA0F-41BA-B7FA-F9B1C6F42EA7,EN,Stark gefährdet,"B2a, B2b(iii)",Rives et milieux humides,Ufer und Feuchtgebiete,Rive e ambienti umidi
2044ECBF-7175-4649-B945-F8D6AD69F3FF,NT,Potenziell gefährdet,"B2a, B2b(ii)","Forêts, Milieux construits, Prairies et pâturages, Roches et éboulis","Wälder, Siedlungsgebiete, Wiesen und Weiden, Felsen und Steinschutt","Boschi, ambienti edificati, prati e pascoli, rocce e ghiaioni"
C62E0F4B-3EE9-4271-B25A-50EF53A1BC19,LC,Nicht gefährdet,,,,
869B0171-4900-4D75-B719-61DEA0A7BDB4,VU,Verletzlich,"B2a, B2b(iv)","Forêts, Rives et milieux humides","Wälder, Ufer und Feuchtgebiete","Boschi, rive e ambienti umidi"
4DF20DC3-301B-4624-A318-16DF648B9C30,LC,Nicht gefährdet,,,,
846B78FE-F3B8-4323-A988-0202A16D27FF,LC,Nicht gefährdet,,,,
E4A570ED-87BE-429F-B416-88147762DE39,LC,Nicht gefährdet,,,,
20BFE33F-89B8-49DC-ACA4-3C853D525897,LC,Nicht gefährdet,,,,
7BF5885D-A87B-4041-9C61-121FBB753E4C,LC,Nicht gefährdet,,,,
FA5373CF-D25E-40D0-B5F5-D41C8E0FA583,LC,Nicht gefährdet,,,,
38F27C6F-20ED-4056-9295-36A4C9B57826,DD,Ungenügende Datengrundlage,,2 mentions années 1980; en limite d'aire,2 Fundmeldungen 1980; am Rande seines Verbreitungsareals,2 segnalazioni negli anni '80; al limite dell'areale
B23C0D19-CA51-4B25-B9F9-CD4C0C490200,CR,Vom Aussterben bedroht,"B2a, B2b(iv)",Prairies et pâturages,Wiesen und Weiden,Prati e pascoli
CEE76C04-0867-401E-A68C-DC5665DAB609,NT,Potenziell gefährdet,B2b(ii),"Milieux construits, Prairies et pâturages","Siedlungsgebiete, Wiesen und Weiden","Ambienti edificati, prati e pascoli"
14CC703B-8F3B-4845-8C34-2A07ACD69AB9,VU,Verletzlich,"B2a, B2b(ii, iii, iv)",Prairies et pâturages,Wiesen und Weiden,Prati e pascoli
6DB611A5-B3EB-4F0F-A40A-61F86084DBEE,NE,Nicht beurteilt,,Introduit,Eingeschleppt,Introdotta
5442390C-9709-4A5D-A57B-E9F0BB6FCEEB,NT,Potenziell gefährdet,B2,"Forêts, Rives et milieux humides","Wälder, Ufer und Feuchtgebiete","Boschi, rive e ambienti umidi"
9B631957-20F1-489F-A0E8-4B0CB3DFC0E6,EN,Stark gefährdet,"B2a, B2b(iv)","Ecotones, Forêts","Säume, Wälder","Ecotoni, boschi"
E41087EC-52B5-4E52-9589-11F47490638D,VU,Verletzlich,"B2a, B2b(i,ii,iii)","Rives lacustres, vieux bras","Seeufer, Altwässer","Rive lacustri, lanche"
F752DF64-EB79-44C9-BD10-F14EDED366D5,LC,Nicht gefährdet,,,,
BE0E3741-0665-49AA-AB91-4CA84FE8E623,RE,In der Schweiz ausgestorben,,"Seule mention datée 1923, rives lacustres, vieux bras","Einziger Nachweis aus dem Jahre 1923. Seeufer, Atlwässer","Unica segnalazione nel 1923, rive lacustri, lanche"
3B6937C8-6B4B-4985-A2C6-45C2D2CB31ED,CR,Vom Aussterben bedroht,"B2a, B2b(i, ii, iii)","Eaux très propres: fossés, ruisseaux, rivières, rives lacustres","Sehr saubere Gewässer: Gräben, Bäche, Flüsse, Seeufer","Acque molto pulite: fossati, ruscelli, fiumi, rive lacustri"
92B5D2E4-4441-48E7-B669-384E469A2C4D,EN,Stark gefährdet,"B2a, B2b(i, ii, iii)","Rives lacustres (vase/sable), vieux bras","Seeufer (Schlamm/Sand), Altwässer","Rive lacustri (limo/sabbia), lanche"
708B6133-14F2-4A67-B56A-B8A74A104D6A,EN,Stark gefährdet,"B2a , B2b(i, ii, iii)","Rives lacustres (sable, graviers fins), vieux bras","Seeufer (Sand, Feinkies), Altwässer","Rive lacustri (sabbia, ghiaia fine), lanche"
6290C3AD-0435-4DEE-93FE-7E65B3A3DCA5,EN,Stark gefährdet,"B2a, B2b(i, ii, iii)","Rives lacustres (vase/sable), vieux bras","Seeufer (Schlamm/Sand), Altwässer","Rive lacustri (limo/sabbia), lanche"
4BABD391-E911-45F3-81AB-BA0F046E8C6C,NE,Nicht beurteilt,,"Introduite, première mention Rhin Bâle, 1994","Eingeführt, erste Fundmeldung im Rhein bei Basel, 1994","Introdotta, prima segnalazione nel Reno presso  Basilea, 1994"
96BC42D4-BEBA-4FD4-B6B7-1C42EF7205D5,NE,Nicht beurteilt,,"Introduite, première mention Rhin Bâle, 1994","Eingeführt, erste Fundmeldung im Rhein bei Basel, 1994","Introdotta, prima segnalazione nel Reno presso  Basilea, 1994"
C03CFB57-118F-4CE7-B893-EADB54F6A44D,NE,Nicht beurteilt,,"Introduite, première mention Léman, 1964","Eingeführt, erste Fundmeldung Genfersee, 1964","Introdotta, prima segnalazione nel Lemano, 1964"
87D8D508-F9D6-4434-A7C8-7BCB373E26BD,LC,Nicht gefährdet,,,,
C91F4441-AA80-4E6F-AEEF-208DA28FD2A9,NE,Nicht beurteilt,,"Introduite, première mention Oberglatt, 2004","Eingeführt, erste Fundmeldung Oberglatt, 2004","Introdotta, prima segnalazione a Oberglatt, 2004"
B0CAEC66-C250-40AA-9565-5FC275BF5FCE,NT,Potenziell gefährdet,,Fonds sableux à limoneux des lacs et fleuves,Sandiger bis lehmiger Grund der Seen und Flüsse,Fondali sabbiosi-limosi di laghi e fiumi
96506A8C-3B4C-42CF-8A7C-6161A388D79A,LC,Nicht gefährdet,,,,
7EE1B84C-2178-444F-B56A-BC11518676A2,VU,Verletzlich,"B2a, B2b(iii)",Eaux froides des grands lacs et plans d’eau alpins,Kaltgewässer der grossen Seen und alpinen Stehgewässer,Acque fredde di grandi laghi e specchi d'acqua alpini
3FB5CB1D-2275-46C4-A365-E4C1F097600F,LC,Nicht gefährdet,,,,
F7D1CD56-9B68-4DEE-8EAB-62B7704A2B96,NT,Potenziell gefährdet,,"Lacs, étangs, fleuves et canaux","Seen, Weiher, Flüsse und Kanäle","Laghi, stagni, fiumi e canaux"
945994E1-6A86-4428-AD73-3998DDACD22F,VU,Verletzlich,"B2a, B2b(iii)",Littoral oxygéné des grands lacs,Sauerstoffreiche Uferzonen der grossen Seen,Litorali ossigenati di grandi laghi
B1F72E18-C4F7-477A-9ED9-1749DFEE14E2,LC,Nicht gefährdet,,,,
8671BE39-2BF8-45F3-946E-A0ADA284B57D,LC,Nicht gefährdet,,,,
40A6A749-AF38-4AB5-95D3-8E96A51C5080,LC,Nicht gefährdet,,,,
BCE1A822-A30B-484D-8878-B08F334C9F04,NT,Potenziell gefährdet,,"Rives lacustres, étangs et marais","Seeufer, Weiher und Moore","Rive lacustri, stagni e paludi "
A97089BB-BF3F-48E2-9965-F31896D2217D,LC,Nicht gefährdet,,,,
0B6C926F-DCBE-4EEB-95FD-890AFEB07228,EN,Stark gefährdet,"B2a, B2b(i, ii)",Etangs et marais de plaine,Weiher und Moore der Tieflagen,Stagni e paludi  di pianura
A783B3F7-A8A0-41BB-A735-3AA20CDCE86E,DD,Ungenügende Datengrundlage,,,,
0E59E45A-60A1-4435-AF24-EA442BD6E419,LC,Nicht gefährdet,,,,
39873F2B-2009-456B-A911-66CBAF18266E,NT,Potenziell gefährdet,,Fonds sableux à limoneux des lacs et fleuves,Sandiger bis lehmiger Grund der Seen und Flüsse,Fondali sabbiosi-limosi di laghi e fiumi
89AAC047-A523-4CA7-ABE8-95C15483ACEC,VU,Verletzlich,"B2a, B2b(iii)",Rivières et littoral pauvres en phosphates,Fliessgewässer und phosphatarme Uferzonen,Fiumi e litorali poveri di fosfati
D64101A9-0E03-4A6A-AB98-06703F8610EE,LC,Nicht gefährdet,,,,
